{"sectionName":"Current ISO 3166 country codes","idx":[1],"data":[{"caption":"<no caption>","mainHeaders":[{"value":-1,"type":"str","ok":false,"vars":[],"parentheses":null},{"value":-1,"type":"str","ok":false,"vars":[],"parentheses":null},{"value":-1,"type":"str","ok":false,"vars":[],"parentheses":null},{"value":-1,"type":"str","ok":false,"vars":[],"parentheses":null},{"value":-1,"type":"str","ok":false,"vars":[],"parentheses":null}],"entities":[{"Country name":"Islamic Republic of Afghanistan Afghanistan","Official state name":"Islamic Republic of Afghanistan The Islamic Republic of Afghanistan","Sovereignty":"Member states of the United Nations UN member state","Alpha-2 code":"ISO 3166-1 alpha-2#AF ","Alpha-3 code":"ISO 3166-1 alpha-3#AFG ","Numeric code":"ISO 3166-1 numeric#004 ","Subdivision code links":"ISO 3166-2:AF","Internet ccTLD":".af"},{"Country name":"Akrotiri and Dhekelia]] – See [[#UNI2 United Kingdom, The]"},{"Country name":"Åland Islands","Official state name":"Åland","Sovereignty":"#FINL Finland","Alpha-2 code":"ISO 3166-1 alpha-2#AX ","Alpha-3 code":"ISO 3166-1 alpha-3#ALA ","Numeric code":"ISO 3166-1 numeric#248 ","Subdivision code links":"ISO 3166-2:AX","Internet ccTLD":".ax"},{"Country name":"Albania","Official state name":"Albania The Republic of Albania","Sovereignty":"UN member state","Alpha-2 code":"ISO 3166-1 alpha-2#AL ","Alpha-3 code":"ISO 3166-1 alpha-3#ALB ","Numeric code":"ISO 3166-1 numeric#008 ","Subdivision code links":"ISO 3166-2:AL","Internet ccTLD":".al"},{"Country name":"Algeria","Official state name":"Algeria The People's Democratic Republic of Algeria","Sovereignty":"UN member state","Alpha-2 code":"ISO 3166-1 alpha-2#DZ ","Alpha-3 code":"ISO 3166-1 alpha-3#DZA ","Numeric code":"ISO 3166-1 numeric#012 ","Subdivision code links":"ISO 3166-2:DZ","Internet ccTLD":".dz"},{"Country name":"American Samoa","Official state name":"American Samoa The Territory of American Samoa","Sovereignty":"#UNI4 United States","Alpha-2 code":"ISO 3166-1 alpha-2#AS ","Alpha-3 code":"ISO 3166-1 alpha-3#ASM ","Numeric code":"ISO 3166-1 numeric#016 ","Subdivision code links":"ISO 3166-2:AS","Internet ccTLD":".as"},{"Country name":"Andorra","Official state name":"Andorra The Principality of Andorra","Sovereignty":"UN member state","Alpha-2 code":"ISO 3166-1 alpha-2#AD ","Alpha-3 code":"ISO 3166-1 alpha-3#AND ","Numeric code":"ISO 3166-1 numeric#020 ","Subdivision code links":"ISO 3166-2:AD","Internet ccTLD":".ad"},{"Country name":"Angola","Official state name":"Angola The Republic of Angola","Sovereignty":"UN member state","Alpha-2 code":"ISO 3166-1 alpha-2#AO ","Alpha-3 code":"ISO 3166-1 alpha-3#AGO ","Numeric code":"ISO 3166-1 numeric#024 ","Subdivision code links":"ISO 3166-2:AO","Internet ccTLD":".ao"},{"Country name":"Anguilla","Official state name":"Anguilla","Sovereignty":"#UNI2 United Kingdom","Alpha-2 code":"ISO 3166-1 alpha-2#AI ","Alpha-3 code":"ISO 3166-1 alpha-3#AIA ","Numeric code":"ISO 3166-1 numeric#660 ","Subdivision code links":"ISO 3166-2:AI","Internet ccTLD":".ai"},{"Country name":"Antarctica]","Official state name":"l land and ice shelves south of the [[60th parallel south","Sovereignty":"Antarctic Treaty System Antarctic Treaty","Alpha-2 code":"ISO 3166-1 alpha-2#AQ ","Alpha-3 code":"ISO 3166-1 alpha-3#ATA ","Numeric code":"ISO 3166-1 numeric#010 ","Subdivision code links":"ISO 3166-2:AQ","Internet ccTLD":".aq"},{"Country name":"Antigua and Barbuda","Official state name":"Antigua and Barbuda","Sovereignty":"UN member state","Alpha-2 code":"ISO 3166-1 alpha-2#AG ","Alpha-3 code":"ISO 3166-1 alpha-3#ATG ","Numeric code":"ISO 3166-1 numeric#028 ","Subdivision code links":"ISO 3166-2:AG","Internet ccTLD":".ag"},{"Country name":"Argentina","Official state name":"Argentina The Argentine Republic","Sovereignty":"UN member state","Alpha-2 code":"ISO 3166-1 alpha-2#AR ","Alpha-3 code":"ISO 3166-1 alpha-3#ARG ","Numeric code":"ISO 3166-1 numeric#032 ","Subdivision code links":"ISO 3166-2:AR","Internet ccTLD":".ar"},{"Country name":"Armenia","Official state name":"Armenia The Republic of Armenia","Sovereignty":"UN member state","Alpha-2 code":"ISO 3166-1 alpha-2#AM ","Alpha-3 code":"ISO 3166-1 alpha-3#ARM ","Numeric code":"ISO 3166-1 numeric#051 ","Subdivision code links":"ISO 3166-2:AM","Internet ccTLD":".am"},{"Country name":"Aruba","Official state name":"Aruba","Sovereignty":"#NETH Netherlands","Alpha-2 code":"ISO 3166-1 alpha-2#AW ","Alpha-3 code":"ISO 3166-1 alpha-3#ABW ","Numeric code":"ISO 3166-1 numeric#533 ","Subdivision code links":"ISO 3166-2:AW","Internet ccTLD":".aw"},{"Country name":"Ashmore and Cartier Islands]] – See [[#AUS1 Australia]"},{"Country name":"Australia]","Official state name":"Australia The Commonwealth of Australia","Sovereignty":"UN member state","Alpha-2 code":"ISO 3166-1 alpha-2#AU ","Alpha-3 code":"ISO 3166-1 alpha-3#AUS ","Numeric code":"ISO 3166-1 numeric#036 ","Subdivision code links":"ISO 3166-2:AU","Internet ccTLD":".au"},{"Country name":"Austria","Official state name":"Austria The Republic of Austria","Sovereignty":"UN member state","Alpha-2 code":"ISO 3166-1 alpha-2#AT ","Alpha-3 code":"ISO 3166-1 alpha-3#AUT ","Numeric code":"ISO 3166-1 numeric#040 ","Subdivision code links":"ISO 3166-2:AT","Internet ccTLD":".at"},{"Country name":"Azerbaijan","Official state name":"Azerbaijan The Republic of Azerbaijan","Sovereignty":"UN member state","Alpha-2 code":"ISO 3166-1 alpha-2#AZ ","Alpha-3 code":"ISO 3166-1 alpha-3#AZE ","Numeric code":"ISO 3166-1 numeric#031 ","Subdivision code links":"ISO 3166-2:AZ","Internet ccTLD":".az"},{"Country name":"The Bahamas Bahamas (the)","Official state name":"The Bahamas The Commonwealth of The Bahamas","Sovereignty":"UN member state","Alpha-2 code":"ISO 3166-1 alpha-2#BS ","Alpha-3 code":"ISO 3166-1 alpha-3#BHS ","Numeric code":"ISO 3166-1 numeric#044 ","Subdivision code links":"ISO 3166-2:BS","Internet ccTLD":".bs"},{"Country name":"Bahrain","Official state name":"Bahrain The Kingdom of Bahrain","Sovereignty":"UN member state","Alpha-2 code":"ISO 3166-1 alpha-2#BH ","Alpha-3 code":"ISO 3166-1 alpha-3#BHR ","Numeric code":"ISO 3166-1 numeric#048 ","Subdivision code links":"ISO 3166-2:BH","Internet ccTLD":".bh"},{"Country name":"Bangladesh","Official state name":"Bangladesh The People's Republic of Bangladesh","Sovereignty":"UN member state","Alpha-2 code":"ISO 3166-1 alpha-2#BD ","Alpha-3 code":"ISO 3166-1 alpha-3#BGD ","Numeric code":"ISO 3166-1 numeric#050 ","Subdivision code links":"ISO 3166-2:BD","Internet ccTLD":".bd"},{"Country name":"Barbados","Official state name":"Barbados","Sovereignty":"UN member state","Alpha-2 code":"ISO 3166-1 alpha-2#BB ","Alpha-3 code":"ISO 3166-1 alpha-3#BRB ","Numeric code":"ISO 3166-1 numeric#052 ","Subdivision code links":"ISO 3166-2:BB","Internet ccTLD":".bb"},{"Country name":"Belarus","Official state name":"Belarus The Republic of Belarus","Sovereignty":"UN member state","Alpha-2 code":"ISO 3166-1 alpha-2#BY ","Alpha-3 code":"ISO 3166-1 alpha-3#BLR ","Numeric code":"ISO 3166-1 numeric#112 ","Subdivision code links":"ISO 3166-2:BY","Internet ccTLD":".by"},{"Country name":"Belgium","Official state name":"Belgium The Kingdom of Belgium","Sovereignty":"UN member state","Alpha-2 code":"ISO 3166-1 alpha-2#BE ","Alpha-3 code":"ISO 3166-1 alpha-3#BEL ","Numeric code":"ISO 3166-1 numeric#056 ","Subdivision code links":"ISO 3166-2:BE","Internet ccTLD":".be"},{"Country name":"Belize","Official state name":"Belize","Sovereignty":"UN member state","Alpha-2 code":"ISO 3166-1 alpha-2#BZ ","Alpha-3 code":"ISO 3166-1 alpha-3#BLZ ","Numeric code":"ISO 3166-1 numeric#084 ","Subdivision code links":"ISO 3166-2:BZ","Internet ccTLD":".bz"},{"Country name":"Benin","Official state name":"Benin The Republic of Benin","Sovereignty":"UN member state","Alpha-2 code":"ISO 3166-1 alpha-2#BJ ","Alpha-3 code":"ISO 3166-1 alpha-3#BEN ","Numeric code":"ISO 3166-1 numeric#204 ","Subdivision code links":"ISO 3166-2:BJ","Internet ccTLD":".bj"},{"Country name":"Bermuda","Official state name":"Bermuda","Sovereignty":"#UNI2 United Kingdom","Alpha-2 code":"ISO 3166-1 alpha-2#BM ","Alpha-3 code":"ISO 3166-1 alpha-3#BMU ","Numeric code":"ISO 3166-1 numeric#060 ","Subdivision code links":"ISO 3166-2:BM","Internet ccTLD":".bm"},{"Country name":"Bhutan","Official state name":"Bhutan The Kingdom of Bhutan","Sovereignty":"UN member state","Alpha-2 code":"ISO 3166-1 alpha-2#BT ","Alpha-3 code":"ISO 3166-1 alpha-3#BTN ","Numeric code":"ISO 3166-1 numeric#064 ","Subdivision code links":"ISO 3166-2:BT","Internet ccTLD":".bt"},{"Country name":"Bolivia Bolivia (Plurinational State of)","Official state name":"Bolivia The Plurinational State of Bolivia","Sovereignty":"UN member state","Alpha-2 code":"ISO 3166-1 alpha-2#BO ","Alpha-3 code":"ISO 3166-1 alpha-3#BOL ","Numeric code":"ISO 3166-1 numeric#068 ","Subdivision code links":"ISO 3166-2:BO","Internet ccTLD":".bo"},{"Country name":"Bonaire]]<br/>[[Sint Eustatius]]<br/>[[Saba","Official state name":"Caribbean Netherlands Bonaire, Sint Eustatius and Saba","Sovereignty":"#NETH Netherlands","Alpha-2 code":"ISO 3166-1 alpha-2#BQ ","Alpha-3 code":"ISO 3166-1 alpha-3#BES ","Numeric code":"ISO 3166-1 numeric#535 ","Subdivision code links":"ISO 3166-2:BQ","Internet ccTLD":".bq]] [[.nl]"},{"Country name":"Bosnia and Herzegovina","Official state name":"Bosnia and Herzegovina","Sovereignty":"UN member state","Alpha-2 code":"ISO 3166-1 alpha-2#BA ","Alpha-3 code":"ISO 3166-1 alpha-3#BIH ","Numeric code":"ISO 3166-1 numeric#070 ","Subdivision code links":"ISO 3166-2:BA","Internet ccTLD":".ba"},{"Country name":"Botswana","Official state name":"Botswana The Republic of Botswana","Sovereignty":"UN member state","Alpha-2 code":"ISO 3166-1 alpha-2#BW ","Alpha-3 code":"ISO 3166-1 alpha-3#BWA ","Numeric code":"ISO 3166-1 numeric#072 ","Subdivision code links":"ISO 3166-2:BW","Internet ccTLD":".bw"},{"Country name":"Bouvet Island","Official state name":"Bouvet Island","Sovereignty":"#NOR6 Norway","Alpha-2 code":"ISO 3166-1 alpha-2#BV ","Alpha-3 code":"ISO 3166-1 alpha-3#BVT ","Numeric code":"ISO 3166-1 numeric#074 ","Subdivision code links":"ISO 3166-2:BV"},{"Country name":"Brazil","Official state name":"Brazil The Federative Republic of Brazil","Sovereignty":"UN member state","Alpha-2 code":"ISO 3166-1 alpha-2#BR ","Alpha-3 code":"ISO 3166-1 alpha-3#BRA ","Numeric code":"ISO 3166-1 numeric#076 ","Subdivision code links":"ISO 3166-2:BR","Internet ccTLD":".br"},{"Country name":"British Indian Ocean Territory British Indian Ocean Territory (the)","Official state name":"British Indian Ocean Territory The British Indian Ocean Territory","Sovereignty":"#UNI2 United Kingdom","Alpha-2 code":"ISO 3166-1 alpha-2#IO ","Alpha-3 code":"ISO 3166-1 alpha-3#IOT ","Numeric code":"ISO 3166-1 numeric#086 ","Subdivision code links":"ISO 3166-2:IO","Internet ccTLD":".io"},{"Country name":"British Virgin Islands]] – See [[#VIR1 Virgin Islands (British)]"},{"Country name":"Brunei Brunei Darussalam]","Official state name":"Brunei The Nation of Brunei, the Abode of Peace","Sovereignty":"UN member state","Alpha-2 code":"ISO 3166-1 alpha-2#BN ","Alpha-3 code":"ISO 3166-1 alpha-3#BRN ","Numeric code":"ISO 3166-1 numeric#096 ","Subdivision code links":"ISO 3166-2:BN","Internet ccTLD":".bn"},{"Country name":"Bulgaria","Official state name":"Bulgaria The Republic of Bulgaria","Sovereignty":"UN member state","Alpha-2 code":"ISO 3166-1 alpha-2#BG ","Alpha-3 code":"ISO 3166-1 alpha-3#BGR ","Numeric code":"ISO 3166-1 numeric#100 ","Subdivision code links":"ISO 3166-2:BG","Internet ccTLD":".bg"},{"Country name":"Burkina Faso","Official state name":"Burkina Faso","Sovereignty":"UN member state","Alpha-2 code":"ISO 3166-1 alpha-2#BF ","Alpha-3 code":"ISO 3166-1 alpha-3#BFA ","Numeric code":"ISO 3166-1 numeric#854 ","Subdivision code links":"ISO 3166-2:BF","Internet ccTLD":".bf"},{"Country name":"[[Myanmar","Official state name":"rma]] – See [[#MYAN Myanmar]"},{"Country name":"Burundi","Official state name":"Burundi The Republic of Burundi","Sovereignty":"UN member state","Alpha-2 code":"ISO 3166-1 alpha-2#BI ","Alpha-3 code":"ISO 3166-1 alpha-3#BDI ","Numeric code":"ISO 3166-1 numeric#108 ","Subdivision code links":"ISO 3166-2:BI","Internet ccTLD":".bi"},{"Country name":"Cape Verde Cabo Verde]","Official state name":"Cape Verde The Republic of Cabo Verde","Sovereignty":"UN member state","Alpha-2 code":"ISO 3166-1 alpha-2#CV ","Alpha-3 code":"ISO 3166-1 alpha-3#CPV ","Numeric code":"ISO 3166-1 numeric#132 ","Subdivision code links":"ISO 3166-2:CV","Internet ccTLD":".cv"},{"Country name":"Cambodia","Official state name":"Cambodia The Kingdom of Cambodia","Sovereignty":"UN member state","Alpha-2 code":"ISO 3166-1 alpha-2#KH ","Alpha-3 code":"ISO 3166-1 alpha-3#KHM ","Numeric code":"ISO 3166-1 numeric#116 ","Subdivision code links":"ISO 3166-2:KH","Internet ccTLD":".kh"},{"Country name":"Cameroon","Official state name":"Cameroon The Republic of Cameroon","Sovereignty":"UN member state","Alpha-2 code":"ISO 3166-1 alpha-2#CM ","Alpha-3 code":"ISO 3166-1 alpha-3#CMR ","Numeric code":"ISO 3166-1 numeric#120 ","Subdivision code links":"ISO 3166-2:CM","Internet ccTLD":".cm"},{"Country name":"Canada","Official state name":"Canada","Sovereignty":"UN member state","Alpha-2 code":"ISO 3166-1 alpha-2#CA ","Alpha-3 code":"ISO 3166-1 alpha-3#CAN ","Numeric code":"ISO 3166-1 numeric#124 ","Subdivision code links":"ISO 3166-2:CA","Internet ccTLD":".ca"},{"Country name":"Cape Verde]] – See [[#CABO Cabo Verde]"},{"Country name":"Caribbean Netherlands]] – See [[#BONA Bonaire, Sint Eustatius and Saba]"},{"Country name":"Cayman Islands Cayman Islands (the)","Official state name":"Cayman Islands The Cayman Islands","Sovereignty":"#UNI2 United Kingdom","Alpha-2 code":"ISO 3166-1 alpha-2#KY ","Alpha-3 code":"ISO 3166-1 alpha-3#CYM ","Numeric code":"ISO 3166-1 numeric#136 ","Subdivision code links":"ISO 3166-2:KY","Internet ccTLD":".ky"},{"Country name":"Central African Republic Central African Republic (the)","Official state name":"Central African Republic The Central African Republic","Sovereignty":"UN member state","Alpha-2 code":"ISO 3166-1 alpha-2#CF ","Alpha-3 code":"ISO 3166-1 alpha-3#CAF ","Numeric code":"ISO 3166-1 numeric#140 ","Subdivision code links":"ISO 3166-2:CF","Internet ccTLD":".cf"},{"Country name":"Chad","Official state name":"Chad The Republic of Chad","Sovereignty":"UN member state","Alpha-2 code":"ISO 3166-1 alpha-2#TD ","Alpha-3 code":"ISO 3166-1 alpha-3#TCD ","Numeric code":"ISO 3166-1 numeric#148 ","Subdivision code links":"ISO 3166-2:TD","Internet ccTLD":".td"},{"Country name":"Chile","Official state name":"Chile The Republic of Chile","Sovereignty":"UN member state","Alpha-2 code":"ISO 3166-1 alpha-2#CL ","Alpha-3 code":"ISO 3166-1 alpha-3#CHL ","Numeric code":"ISO 3166-1 numeric#152 ","Subdivision code links":"ISO 3166-2:CL","Internet ccTLD":".cl"},{"Country name":"China","Official state name":"China The People's Republic of China","Sovereignty":"UN member state","Alpha-2 code":"ISO 3166-1 alpha-2#CN ","Alpha-3 code":"ISO 3166-1 alpha-3#CHN ","Numeric code":"ISO 3166-1 numeric#156 ","Subdivision code links":"ISO 3166-2:CN","Internet ccTLD":".cn"},{"Country name":"[[Taiwan","Official state name":"ina, The Republic of]] – See [[#TAIW Taiwan (Province of China)]"},{"Country name":"Christmas Island","Official state name":"Christmas Island The Territory of Christmas Island","Sovereignty":"#AUS1 Australia","Alpha-2 code":"ISO 3166-1 alpha-2#CX ","Alpha-3 code":"ISO 3166-1 alpha-3#CXR ","Numeric code":"ISO 3166-1 numeric#162 ","Subdivision code links":"ISO 3166-2:CX","Internet ccTLD":".cx"},{"Country name":"Clipperton Island]] – See [[#FRAN France]"},{"Country name":"Cocos (Keeling) Islands Cocos (Keeling) Islands (the)","Official state name":"Cocos (Keeling) Islands The Territory of Cocos (Keeling) Islands","Sovereignty":"#AUS1 Australia","Alpha-2 code":"ISO 3166-1 alpha-2#CC ","Alpha-3 code":"ISO 3166-1 alpha-3#CCK ","Numeric code":"ISO 3166-1 numeric#166 ","Subdivision code links":"ISO 3166-2:CC","Internet ccTLD":".cc"},{"Country name":"Colombia","Official state name":"Colombia The Republic of Colombia","Sovereignty":"UN member state","Alpha-2 code":"ISO 3166-1 alpha-2#CO ","Alpha-3 code":"ISO 3166-1 alpha-3#COL ","Numeric code":"ISO 3166-1 numeric#170 ","Subdivision code links":"ISO 3166-2:CO","Internet ccTLD":".co"},{"Country name":"Comoros Comoros (the)","Official state name":"Comoros The Union of the Comoros","Sovereignty":"UN member state","Alpha-2 code":"ISO 3166-1 alpha-2#KM ","Alpha-3 code":"ISO 3166-1 alpha-3#COM ","Numeric code":"ISO 3166-1 numeric#174 ","Subdivision code links":"ISO 3166-2:KM","Internet ccTLD":".km"},{"Country name":"Democratic Republic of the Congo Congo (the Democratic Republic of the)","Official state name":"Democratic Republic of the Congo The Democratic Republic of the Congo","Sovereignty":"UN member state","Alpha-2 code":"ISO 3166-1 alpha-2#CD ","Alpha-3 code":"ISO 3166-1 alpha-3#COD ","Numeric code":"ISO 3166-1 numeric#180 ","Subdivision code links":"ISO 3166-2:CD","Internet ccTLD":".cd"},{"Country name":"Republic of the Congo Congo (the)]","Official state name":"Republic of the Congo The Republic of the Congo","Sovereignty":"UN member state","Alpha-2 code":"ISO 3166-1 alpha-2#CG ","Alpha-3 code":"ISO 3166-1 alpha-3#COG ","Numeric code":"ISO 3166-1 numeric#178 ","Subdivision code links":"ISO 3166-2:CG","Internet ccTLD":".cg"},{"Country name":"Cook Islands Cook Islands (the)","Official state name":"Cook Islands The Cook Islands","Sovereignty":"#NEWZ New Zealand","Alpha-2 code":"ISO 3166-1 alpha-2#CK ","Alpha-3 code":"ISO 3166-1 alpha-3#COK ","Numeric code":"ISO 3166-1 numeric#184 ","Subdivision code links":"ISO 3166-2:CK","Internet ccTLD":".ck"},{"Country name":"Coral Sea Islands]] – See [[#AUS1 Australia]"},{"Country name":"Costa Rica","Official state name":"Costa Rica The Republic of Costa Rica","Sovereignty":"UN member state","Alpha-2 code":"ISO 3166-1 alpha-2#CR ","Alpha-3 code":"ISO 3166-1 alpha-3#CRI ","Numeric code":"ISO 3166-1 numeric#188 ","Subdivision code links":"ISO 3166-2:CR","Internet ccTLD":".cr"},{"Country name":"Ivory Coast Côte d'Ivoire]","Official state name":"Ivory Coast The Republic of Côte d'Ivoire","Sovereignty":"UN member state","Alpha-2 code":"ISO 3166-1 alpha-2#CI ","Alpha-3 code":"ISO 3166-1 alpha-3#CIV ","Numeric code":"ISO 3166-1 numeric#384 ","Subdivision code links":"ISO 3166-2:CI","Internet ccTLD":".ci"},{"Country name":"Croatia","Official state name":"Croatia The Republic of Croatia","Sovereignty":"UN member state","Alpha-2 code":"ISO 3166-1 alpha-2#HR ","Alpha-3 code":"ISO 3166-1 alpha-3#HRV ","Numeric code":"ISO 3166-1 numeric#191 ","Subdivision code links":"ISO 3166-2:HR","Internet ccTLD":".hr"},{"Country name":"Cuba","Official state name":"Cuba The Republic of Cuba","Sovereignty":"UN member state","Alpha-2 code":"ISO 3166-1 alpha-2#CU ","Alpha-3 code":"ISO 3166-1 alpha-3#CUB ","Numeric code":"ISO 3166-1 numeric#192 ","Subdivision code links":"ISO 3166-2:CU","Internet ccTLD":".cu"},{"Country name":"Curaçao","Official state name":"Curaçao The Country of Curaçao","Sovereignty":"#NETH Netherlands","Alpha-2 code":"ISO 3166-1 alpha-2#CW ","Alpha-3 code":"ISO 3166-1 alpha-3#CUW ","Numeric code":"ISO 3166-1 numeric#531 ","Subdivision code links":"ISO 3166-2:CW","Internet ccTLD":".cw"},{"Country name":"Cyprus","Official state name":"Cyprus The Republic of Cyprus","Sovereignty":"UN member state","Alpha-2 code":"ISO 3166-1 alpha-2#CY ","Alpha-3 code":"ISO 3166-1 alpha-3#CYP ","Numeric code":"ISO 3166-1 numeric#196 ","Subdivision code links":"ISO 3166-2:CY","Internet ccTLD":".cy"},{"Country name":"Czech Republic Czechia]","Official state name":"Czech Republic The Czech Republic","Sovereignty":"UN member state","Alpha-2 code":"ISO 3166-1 alpha-2#CZ ","Alpha-3 code":"ISO 3166-1 alpha-3#CZE ","Numeric code":"ISO 3166-1 numeric#203 ","Subdivision code links":"ISO 3166-2:CZ","Internet ccTLD":".cz"},{"Country name":"[[North Korea","Official state name":"mocratic People's Republic of Korea]] – See [[#KOR1 Korea, The Democratic People's Republic of]"},{"Country name":"Democratic Republic of the Congo]] – See [[#CON1 Congo, The Democratic Republic of the]"},{"Country name":"Denmark","Official state name":"Denmark The Kingdom of Denmark","Sovereignty":"UN member state","Alpha-2 code":"ISO 3166-1 alpha-2#DK ","Alpha-3 code":"ISO 3166-1 alpha-3#DNK ","Numeric code":"ISO 3166-1 numeric#208 ","Subdivision code links":"ISO 3166-2:DK","Internet ccTLD":".dk"},{"Country name":"Djibouti","Official state name":"Djibouti The Republic of Djibouti","Sovereignty":"UN member state","Alpha-2 code":"ISO 3166-1 alpha-2#DJ ","Alpha-3 code":"ISO 3166-1 alpha-3#DJI ","Numeric code":"ISO 3166-1 numeric#262 ","Subdivision code links":"ISO 3166-2:DJ","Internet ccTLD":".dj"},{"Country name":"Dominica","Official state name":"Dominica The Commonwealth of Dominica","Sovereignty":"UN member state","Alpha-2 code":"ISO 3166-1 alpha-2#DM ","Alpha-3 code":"ISO 3166-1 alpha-3#DMA ","Numeric code":"ISO 3166-1 numeric#212 ","Subdivision code links":"ISO 3166-2:DM","Internet ccTLD":".dm"},{"Country name":"Dominican Republic Dominican Republic (the)","Official state name":"Dominican Republic The Dominican Republic","Sovereignty":"UN member state","Alpha-2 code":"ISO 3166-1 alpha-2#DO ","Alpha-3 code":"ISO 3166-1 alpha-3#DOM ","Numeric code":"ISO 3166-1 numeric#214 ","Subdivision code links":"ISO 3166-2:DO","Internet ccTLD":".do"},{"Country name":"East Timor]] – See [[#TIMO Timor-Leste]"},{"Country name":"Ecuador","Official state name":"Ecuador The Republic of Ecuador","Sovereignty":"UN member state","Alpha-2 code":"ISO 3166-1 alpha-2#EC ","Alpha-3 code":"ISO 3166-1 alpha-3#ECU ","Numeric code":"ISO 3166-1 numeric#218 ","Subdivision code links":"ISO 3166-2:EC","Internet ccTLD":".ec"},{"Country name":"Egypt","Official state name":"Egypt The Arab Republic of Egypt","Sovereignty":"UN member state","Alpha-2 code":"ISO 3166-1 alpha-2#EG ","Alpha-3 code":"ISO 3166-1 alpha-3#EGY ","Numeric code":"ISO 3166-1 numeric#818 ","Subdivision code links":"ISO 3166-2:EG","Internet ccTLD":".eg"},{"Country name":"El Salvador","Official state name":"El Salvador The Republic of El Salvador","Sovereignty":"UN member state","Alpha-2 code":"ISO 3166-1 alpha-2#SV ","Alpha-3 code":"ISO 3166-1 alpha-3#SLV ","Numeric code":"ISO 3166-1 numeric#222 ","Subdivision code links":"ISO 3166-2:SV","Internet ccTLD":".sv"},{"Country name":"England]] – See [[#UNI2 United Kingdom, The]"},{"Country name":"Equatorial Guinea","Official state name":"Equatorial Guinea The Republic of Equatorial Guinea","Sovereignty":"UN member state","Alpha-2 code":"ISO 3166-1 alpha-2#GQ ","Alpha-3 code":"ISO 3166-1 alpha-3#GNQ ","Numeric code":"ISO 3166-1 numeric#226 ","Subdivision code links":"ISO 3166-2:GQ","Internet ccTLD":".gq"},{"Country name":"Eritrea","Official state name":"Eritrea The State of Eritrea","Sovereignty":"UN member state","Alpha-2 code":"ISO 3166-1 alpha-2#ER ","Alpha-3 code":"ISO 3166-1 alpha-3#ERI ","Numeric code":"ISO 3166-1 numeric#232 ","Subdivision code links":"ISO 3166-2:ER","Internet ccTLD":".er"},{"Country name":"Estonia","Official state name":"Estonia The Republic of Estonia","Sovereignty":"UN member state","Alpha-2 code":"ISO 3166-1 alpha-2#EE ","Alpha-3 code":"ISO 3166-1 alpha-3#EST ","Numeric code":"ISO 3166-1 numeric#233 ","Subdivision code links":"ISO 3166-2:EE","Internet ccTLD":".ee"},{"Country name":"Eswatini]","Official state name":"Eswatini The Kingdom of Eswatini","Sovereignty":"UN member state","Alpha-2 code":"ISO 3166-1 alpha-2#SZ ","Alpha-3 code":"ISO 3166-1 alpha-3#SWZ ","Numeric code":"ISO 3166-1 numeric#748 ","Subdivision code links":"ISO 3166-2:SZ","Internet ccTLD":".sz"},{"Country name":"Ethiopia","Official state name":"Ethiopia The Federal Democratic Republic of Ethiopia","Sovereignty":"UN member state","Alpha-2 code":"ISO 3166-1 alpha-2#ET ","Alpha-3 code":"ISO 3166-1 alpha-3#ETH ","Numeric code":"ISO 3166-1 numeric#231 ","Subdivision code links":"ISO 3166-2:ET","Internet ccTLD":".et"},{"Country name":"Falkland Islands Falkland Islands (the) ]","Official state name":"Falkland Islands The Falkland Islands","Sovereignty":"#UNI2 United Kingdom","Alpha-2 code":"ISO 3166-1 alpha-2#FK ","Alpha-3 code":"ISO 3166-1 alpha-3#FLK ","Numeric code":"ISO 3166-1 numeric#238 ","Subdivision code links":"ISO 3166-2:FK","Internet ccTLD":".fk"},{"Country name":"Faroe Islands Faroe Islands (the)","Official state name":"Faroe Islands The Faroe Islands","Sovereignty":"#DENM Denmark","Alpha-2 code":"ISO 3166-1 alpha-2#FO ","Alpha-3 code":"ISO 3166-1 alpha-3#FRO ","Numeric code":"ISO 3166-1 numeric#234 ","Subdivision code links":"ISO 3166-2:FO","Internet ccTLD":".fo"},{"Country name":"Fiji","Official state name":"Fiji The Republic of Fiji","Sovereignty":"UN member state","Alpha-2 code":"ISO 3166-1 alpha-2#FJ ","Alpha-3 code":"ISO 3166-1 alpha-3#FJI ","Numeric code":"ISO 3166-1 numeric#242 ","Subdivision code links":"ISO 3166-2:FJ","Internet ccTLD":".fj"},{"Country name":"Finland","Official state name":"Finland The Republic of Finland","Sovereignty":"UN member state","Alpha-2 code":"ISO 3166-1 alpha-2#FI ","Alpha-3 code":"ISO 3166-1 alpha-3#FIN ","Numeric code":"ISO 3166-1 numeric#246 ","Subdivision code links":"ISO 3166-2:FI","Internet ccTLD":".fi"},{"Country name":"France]","Official state name":"France The French Republic","Sovereignty":"UN member state","Alpha-2 code":"ISO 3166-1 alpha-2#FR ","Alpha-3 code":"ISO 3166-1 alpha-3#FRA ","Numeric code":"ISO 3166-1 numeric#250 ","Subdivision code links":"ISO 3166-2:FR","Internet ccTLD":".fr"},{"Country name":"French Guiana","Official state name":"French Guiana Guyane","Sovereignty":"#FRAN France","Alpha-2 code":"ISO 3166-1 alpha-2#GF ","Alpha-3 code":"ISO 3166-1 alpha-3#GUF ","Numeric code":"ISO 3166-1 numeric#254 ","Subdivision code links":"ISO 3166-2:GF","Internet ccTLD":".gf"},{"Country name":"French Polynesia","Official state name":"French Polynesia","Sovereignty":"#FRAN France","Alpha-2 code":"ISO 3166-1 alpha-2#PF ","Alpha-3 code":"ISO 3166-1 alpha-3#PYF ","Numeric code":"ISO 3166-1 numeric#258 ","Subdivision code links":"ISO 3166-2:PF","Internet ccTLD":".pf"},{"Country name":"French Southern and Antarctic Lands French Southern Territories (the)]","Official state name":"French Southern and Antarctic Lands The French Southern and Antarctic Lands","Sovereignty":"#FRAN France","Alpha-2 code":"ISO 3166-1 alpha-2#TF ","Alpha-3 code":"ISO 3166-1 alpha-3#ATF ","Numeric code":"ISO 3166-1 numeric#260 ","Subdivision code links":"ISO 3166-2:TF","Internet ccTLD":".tf"},{"Country name":"Gabon","Official state name":"Gabon The Gabonese Republic","Sovereignty":"UN member state","Alpha-2 code":"ISO 3166-1 alpha-2#GA ","Alpha-3 code":"ISO 3166-1 alpha-3#GAB ","Numeric code":"ISO 3166-1 numeric#266 ","Subdivision code links":"ISO 3166-2:GA","Internet ccTLD":".ga"},{"Country name":"The Gambia Gambia (the)","Official state name":"The Gambia The Republic of The Gambia","Sovereignty":"UN member state","Alpha-2 code":"ISO 3166-1 alpha-2#GM ","Alpha-3 code":"ISO 3166-1 alpha-3#GMB ","Numeric code":"ISO 3166-1 numeric#270 ","Subdivision code links":"ISO 3166-2:GM","Internet ccTLD":".gm"},{"Country name":"Georgia (country) Georgia","Official state name":"Georgia (country) Georgia","Sovereignty":"UN member state","Alpha-2 code":"ISO 3166-1 alpha-2#GE ","Alpha-3 code":"ISO 3166-1 alpha-3#GEO ","Numeric code":"ISO 3166-1 numeric#268 ","Subdivision code links":"ISO 3166-2:GE","Internet ccTLD":".ge"},{"Country name":"Germany","Official state name":"Germany The Federal Republic of Germany","Sovereignty":"UN member state","Alpha-2 code":"ISO 3166-1 alpha-2#DE ","Alpha-3 code":"ISO 3166-1 alpha-3#DEU ","Numeric code":"ISO 3166-1 numeric#276 ","Subdivision code links":"ISO 3166-2:DE","Internet ccTLD":".de"},{"Country name":"Ghana","Official state name":"Ghana The Republic of Ghana","Sovereignty":"UN member state","Alpha-2 code":"ISO 3166-1 alpha-2#GH ","Alpha-3 code":"ISO 3166-1 alpha-3#GHA ","Numeric code":"ISO 3166-1 numeric#288 ","Subdivision code links":"ISO 3166-2:GH","Internet ccTLD":".gh"},{"Country name":"Gibraltar","Official state name":"Gibraltar","Sovereignty":"#UNI2 United Kingdom","Alpha-2 code":"ISO 3166-1 alpha-2#GI ","Alpha-3 code":"ISO 3166-1 alpha-3#GIB ","Numeric code":"ISO 3166-1 numeric#292 ","Subdivision code links":"ISO 3166-2:GI","Internet ccTLD":".gi"},{"Country name":"[[United Kingdom","Official state name":"eat Britain]] – See [[#UNI2 United Kingdom, The]"},{"Country name":"Greece","Official state name":"Greece The Hellenic Republic","Sovereignty":"UN member state","Alpha-2 code":"ISO 3166-1 alpha-2#GR ","Alpha-3 code":"ISO 3166-1 alpha-3#GRC ","Numeric code":"ISO 3166-1 numeric#300 ","Subdivision code links":"ISO 3166-2:GR","Internet ccTLD":".gr"},{"Country name":"Greenland","Official state name":"Greenland Kalaallit Nunaat","Sovereignty":"#DENM Denmark","Alpha-2 code":"ISO 3166-1 alpha-2#GL ","Alpha-3 code":"ISO 3166-1 alpha-3#GRL ","Numeric code":"ISO 3166-1 numeric#304 ","Subdivision code links":"ISO 3166-2:GL","Internet ccTLD":".gl"},{"Country name":"Grenada","Official state name":"Grenada","Sovereignty":"UN member state","Alpha-2 code":"ISO 3166-1 alpha-2#GD ","Alpha-3 code":"ISO 3166-1 alpha-3#GRD ","Numeric code":"ISO 3166-1 numeric#308 ","Subdivision code links":"ISO 3166-2:GD","Internet ccTLD":".gd"},{"Country name":"Guadeloupe","Official state name":"Guadeloupe","Sovereignty":"#FRAN France","Alpha-2 code":"ISO 3166-1 alpha-2#GP ","Alpha-3 code":"ISO 3166-1 alpha-3#GLP ","Numeric code":"ISO 3166-1 numeric#312 ","Subdivision code links":"ISO 3166-2:GP","Internet ccTLD":".gp"},{"Country name":"Guam","Official state name":"Guam The Territory of Guam","Sovereignty":"#UNI4 United States","Alpha-2 code":"ISO 3166-1 alpha-2#GU ","Alpha-3 code":"ISO 3166-1 alpha-3#GUM ","Numeric code":"ISO 3166-1 numeric#316 ","Subdivision code links":"ISO 3166-2:GU","Internet ccTLD":".gu"},{"Country name":"Guatemala","Official state name":"Guatemala The Republic of Guatemala","Sovereignty":"UN member state","Alpha-2 code":"ISO 3166-1 alpha-2#GT ","Alpha-3 code":"ISO 3166-1 alpha-3#GTM ","Numeric code":"ISO 3166-1 numeric#320 ","Subdivision code links":"ISO 3166-2:GT","Internet ccTLD":".gt"},{"Country name":"Bailiwick of Guernsey Guernsey","Official state name":"Bailiwick of Guernsey The Bailiwick of Guernsey","Sovereignty":"Crown Dependencies British Crown","Alpha-2 code":"ISO 3166-1 alpha-2#GG ","Alpha-3 code":"ISO 3166-1 alpha-3#GGY ","Numeric code":"ISO 3166-1 numeric#831 ","Subdivision code links":"ISO 3166-2:GG","Internet ccTLD":".gg"},{"Country name":"Guinea","Official state name":"Guinea The Republic of Guinea","Sovereignty":"UN member state","Alpha-2 code":"ISO 3166-1 alpha-2#GN ","Alpha-3 code":"ISO 3166-1 alpha-3#GIN ","Numeric code":"ISO 3166-1 numeric#324 ","Subdivision code links":"ISO 3166-2:GN","Internet ccTLD":".gn"},{"Country name":"Guinea-Bissau","Official state name":"Guinea-Bissau The Republic of Guinea-Bissau","Sovereignty":"UN member state","Alpha-2 code":"ISO 3166-1 alpha-2#GW ","Alpha-3 code":"ISO 3166-1 alpha-3#GNB ","Numeric code":"ISO 3166-1 numeric#624 ","Subdivision code links":"ISO 3166-2:GW","Internet ccTLD":".gw"},{"Country name":"Guyana","Official state name":"Guyana The Co-operative Republic of Guyana","Sovereignty":"UN member state","Alpha-2 code":"ISO 3166-1 alpha-2#GY ","Alpha-3 code":"ISO 3166-1 alpha-3#GUY ","Numeric code":"ISO 3166-1 numeric#328 ","Subdivision code links":"ISO 3166-2:GY","Internet ccTLD":".gy"},{"Country name":"Haiti","Official state name":"Haiti The Republic of Haiti","Sovereignty":"UN member state","Alpha-2 code":"ISO 3166-1 alpha-2#HT ","Alpha-3 code":"ISO 3166-1 alpha-3#HTI ","Numeric code":"ISO 3166-1 numeric#332 ","Subdivision code links":"ISO 3166-2:HT","Internet ccTLD":".ht"},{"Country name":"Hawaiian Islands]] – See [[#UNI4 United States of America, The]"},{"Country name":"Heard Island and McDonald Islands","Official state name":"Heard Island and McDonald Islands The Territory of Heard Island and McDonald Islands","Sovereignty":"#AUS1 Australia","Alpha-2 code":"ISO 3166-1 alpha-2#HM ","Alpha-3 code":"ISO 3166-1 alpha-3#HMD ","Numeric code":"ISO 3166-1 numeric#334 ","Subdivision code links":"ISO 3166-2:HM","Internet ccTLD":".hm"},{"Country name":"Holy See Holy See (the)]","Official state name":"Holy See The Holy See","Sovereignty":"UN observer state","Alpha-2 code":"ISO 3166-1 alpha-2#VA ","Alpha-3 code":"ISO 3166-1 alpha-3#VAT ","Numeric code":"ISO 3166-1 numeric#336 ","Subdivision code links":"ISO 3166-2:VA","Internet ccTLD":".va"},{"Country name":"Honduras","Official state name":"Honduras The Republic of Honduras","Sovereignty":"UN member state","Alpha-2 code":"ISO 3166-1 alpha-2#HN ","Alpha-3 code":"ISO 3166-1 alpha-3#HND ","Numeric code":"ISO 3166-1 numeric#340 ","Subdivision code links":"ISO 3166-2:HN","Internet ccTLD":".hn"},{"Country name":"Hong Kong","Official state name":"Hong Kong The Hong Kong Special Administrative Region of China","Sovereignty":"#CHI2 China","Alpha-2 code":"ISO 3166-1 alpha-2#HK ","Alpha-3 code":"ISO 3166-1 alpha-3#HKG ","Numeric code":"ISO 3166-1 numeric#344 ","Subdivision code links":"ISO 3166-2:HK","Internet ccTLD":".hk"},{"Country name":"Hungary","Official state name":"Hungary","Sovereignty":"UN member state","Alpha-2 code":"ISO 3166-1 alpha-2#HU ","Alpha-3 code":"ISO 3166-1 alpha-3#HUN ","Numeric code":"ISO 3166-1 numeric#348 ","Subdivision code links":"ISO 3166-2:HU","Internet ccTLD":".hu"},{"Country name":"Iceland","Official state name":"Iceland","Sovereignty":"UN member state","Alpha-2 code":"ISO 3166-1 alpha-2#IS ","Alpha-3 code":"ISO 3166-1 alpha-3#ISL ","Numeric code":"ISO 3166-1 numeric#352 ","Subdivision code links":"ISO 3166-2:IS","Internet ccTLD":".is"},{"Country name":"India","Official state name":"India The Republic of India","Sovereignty":"UN member state","Alpha-2 code":"ISO 3166-1 alpha-2#IN ","Alpha-3 code":"ISO 3166-1 alpha-3#IND ","Numeric code":"ISO 3166-1 numeric#356 ","Subdivision code links":"ISO 3166-2:IN","Internet ccTLD":".in"},{"Country name":"Indonesia","Official state name":"Indonesia The Republic of Indonesia","Sovereignty":"UN member state","Alpha-2 code":"ISO 3166-1 alpha-2#ID ","Alpha-3 code":"ISO 3166-1 alpha-3#IDN ","Numeric code":"ISO 3166-1 numeric#360 ","Subdivision code links":"ISO 3166-2:ID","Internet ccTLD":".id"},{"Country name":"Iran (Islamic Republic of)","Official state name":"Iran The Islamic Republic of Iran","Sovereignty":"UN member state","Alpha-2 code":"ISO 3166-1 alpha-2#IR ","Alpha-3 code":"ISO 3166-1 alpha-3#IRN ","Numeric code":"ISO 3166-1 numeric#364 ","Subdivision code links":"ISO 3166-2:IR","Internet ccTLD":".ir"},{"Country name":"Iraq","Official state name":"Iraq The Republic of Iraq","Sovereignty":"UN member state","Alpha-2 code":"ISO 3166-1 alpha-2#IQ ","Alpha-3 code":"ISO 3166-1 alpha-3#IRQ ","Numeric code":"ISO 3166-1 numeric#368 ","Subdivision code links":"ISO 3166-2:IQ","Internet ccTLD":".iq"},{"Country name":"Republic of Ireland Ireland","Official state name":"Republic of Ireland Ireland","Sovereignty":"UN member state","Alpha-2 code":"ISO 3166-1 alpha-2#IE ","Alpha-3 code":"ISO 3166-1 alpha-3#IRL ","Numeric code":"ISO 3166-1 numeric#372 ","Subdivision code links":"ISO 3166-2:IE","Internet ccTLD":".ie"},{"Country name":"Isle of Man","Official state name":"Isle of Man The Isle of Man","Sovereignty":"Crown Dependencies British Crown","Alpha-2 code":"ISO 3166-1 alpha-2#IM ","Alpha-3 code":"ISO 3166-1 alpha-3#IMN ","Numeric code":"ISO 3166-1 numeric#833 ","Subdivision code links":"ISO 3166-2:IM","Internet ccTLD":".im"},{"Country name":"Israel","Official state name":"Israel The State of Israel","Sovereignty":"UN member state","Alpha-2 code":"ISO 3166-1 alpha-2#IL ","Alpha-3 code":"ISO 3166-1 alpha-3#ISR ","Numeric code":"ISO 3166-1 numeric#376 ","Subdivision code links":"ISO 3166-2:IL","Internet ccTLD":".il"},{"Country name":"Italy","Official state name":"Italy The Italian Republic","Sovereignty":"UN member state","Alpha-2 code":"ISO 3166-1 alpha-2#IT ","Alpha-3 code":"ISO 3166-1 alpha-3#ITA ","Numeric code":"ISO 3166-1 numeric#380 ","Subdivision code links":"ISO 3166-2:IT","Internet ccTLD":".it"},{"Country name":"Ivory Coast]] – See [[#COTE Côte d'Ivoire]"},{"Country name":"Jamaica","Official state name":"Jamaica","Sovereignty":"UN member state","Alpha-2 code":"ISO 3166-1 alpha-2#JM ","Alpha-3 code":"ISO 3166-1 alpha-3#JAM ","Numeric code":"ISO 3166-1 numeric#388 ","Subdivision code links":"ISO 3166-2:JM","Internet ccTLD":".jm"},{"Country name":"Jan Mayen]] – See [[#SVAL Svalbard and Jan Mayen]"},{"Country name":"Japan","Official state name":"Japan","Sovereignty":"UN member state","Alpha-2 code":"ISO 3166-1 alpha-2#JP ","Alpha-3 code":"ISO 3166-1 alpha-3#JPN ","Numeric code":"ISO 3166-1 numeric#392 ","Subdivision code links":"ISO 3166-2:JP","Internet ccTLD":".jp"},{"Country name":"Jersey","Official state name":"Jersey The Bailiwick of Jersey","Sovereignty":"Crown Dependencies British Crown","Alpha-2 code":"ISO 3166-1 alpha-2#JE ","Alpha-3 code":"ISO 3166-1 alpha-3#JEY ","Numeric code":"ISO 3166-1 numeric#832 ","Subdivision code links":"ISO 3166-2:JE","Internet ccTLD":".je"},{"Country name":"Jordan","Official state name":"Jordan The Hashemite Kingdom of Jordan","Sovereignty":"UN member state","Alpha-2 code":"ISO 3166-1 alpha-2#JO ","Alpha-3 code":"ISO 3166-1 alpha-3#JOR ","Numeric code":"ISO 3166-1 numeric#400 ","Subdivision code links":"ISO 3166-2:JO","Internet ccTLD":".jo"},{"Country name":"Kazakhstan","Official state name":"Kazakhstan The Republic of Kazakhstan","Sovereignty":"UN member state","Alpha-2 code":"ISO 3166-1 alpha-2#KZ ","Alpha-3 code":"ISO 3166-1 alpha-3#KAZ ","Numeric code":"ISO 3166-1 numeric#398 ","Subdivision code links":"ISO 3166-2:KZ","Internet ccTLD":".kz"},{"Country name":"Kenya","Official state name":"Kenya The Republic of Kenya","Sovereignty":"UN member state","Alpha-2 code":"ISO 3166-1 alpha-2#KE ","Alpha-3 code":"ISO 3166-1 alpha-3#KEN ","Numeric code":"ISO 3166-1 numeric#404 ","Subdivision code links":"ISO 3166-2:KE","Internet ccTLD":".ke"},{"Country name":"Kiribati","Official state name":"Kiribati The Republic of Kiribati","Sovereignty":"UN member state","Alpha-2 code":"ISO 3166-1 alpha-2#KI ","Alpha-3 code":"ISO 3166-1 alpha-3#KIR ","Numeric code":"ISO 3166-1 numeric#296 ","Subdivision code links":"ISO 3166-2:KI","Internet ccTLD":".ki"},{"Country name":"North Korea Korea (the Democratic People's Republic of)]","Official state name":"North Korea The Democratic People's Republic of Korea","Sovereignty":"UN member state","Alpha-2 code":"ISO 3166-1 alpha-2#KP ","Alpha-3 code":"ISO 3166-1 alpha-3#PRK ","Numeric code":"ISO 3166-1 numeric#408 ","Subdivision code links":"ISO 3166-2:KP","Internet ccTLD":".kp"},{"Country name":"South Korea Korea (the Republic of)]","Official state name":"South Korea The Republic of Korea","Sovereignty":"UN member state","Alpha-2 code":"ISO 3166-1 alpha-2#KR ","Alpha-3 code":"ISO 3166-1 alpha-3#KOR ","Numeric code":"ISO 3166-1 numeric#410 ","Subdivision code links":"ISO 3166-2:KR","Internet ccTLD":".kr"},{"Country name":"Kuwait","Official state name":"Kuwait The State of Kuwait","Sovereignty":"UN member state","Alpha-2 code":"ISO 3166-1 alpha-2#KW ","Alpha-3 code":"ISO 3166-1 alpha-3#KWT ","Numeric code":"ISO 3166-1 numeric#414 ","Subdivision code links":"ISO 3166-2:KW","Internet ccTLD":".kw"},{"Country name":"Kyrgyzstan","Official state name":"Kyrgyzstan The Kyrgyz Republic","Sovereignty":"UN member state","Alpha-2 code":"ISO 3166-1 alpha-2#KG ","Alpha-3 code":"ISO 3166-1 alpha-3#KGZ ","Numeric code":"ISO 3166-1 numeric#417 ","Subdivision code links":"ISO 3166-2:KG","Internet ccTLD":".kg"},{"Country name":"Laos Lao People's Democratic Republic (the)]","Official state name":"Laos The Lao People's Democratic Republic","Sovereignty":"UN member state","Alpha-2 code":"ISO 3166-1 alpha-2#LA ","Alpha-3 code":"ISO 3166-1 alpha-3#LAO ","Numeric code":"ISO 3166-1 numeric#418 ","Subdivision code links":"ISO 3166-2:LA","Internet ccTLD":".la"},{"Country name":"Latvia","Official state name":"Latvia The Republic of Latvia","Sovereignty":"UN member state","Alpha-2 code":"ISO 3166-1 alpha-2#LV ","Alpha-3 code":"ISO 3166-1 alpha-3#LVA ","Numeric code":"ISO 3166-1 numeric#428 ","Subdivision code links":"ISO 3166-2:LV","Internet ccTLD":".lv"},{"Country name":"Lebanon","Official state name":"Lebanon The Lebanese Republic","Sovereignty":"UN member state","Alpha-2 code":"ISO 3166-1 alpha-2#LB ","Alpha-3 code":"ISO 3166-1 alpha-3#LBN ","Numeric code":"ISO 3166-1 numeric#422 ","Subdivision code links":"ISO 3166-2:LB","Internet ccTLD":".lb"},{"Country name":"Lesotho","Official state name":"Lesotho The Kingdom of Lesotho","Sovereignty":"UN member state","Alpha-2 code":"ISO 3166-1 alpha-2#LS ","Alpha-3 code":"ISO 3166-1 alpha-3#LSO ","Numeric code":"ISO 3166-1 numeric#426 ","Subdivision code links":"ISO 3166-2:LS","Internet ccTLD":".ls"},{"Country name":"Liberia","Official state name":"Liberia The Republic of Liberia","Sovereignty":"UN member state","Alpha-2 code":"ISO 3166-1 alpha-2#LR ","Alpha-3 code":"ISO 3166-1 alpha-3#LBR ","Numeric code":"ISO 3166-1 numeric#430 ","Subdivision code links":"ISO 3166-2:LR","Internet ccTLD":".lr"},{"Country name":"Libya","Official state name":"Libya The State of Libya","Sovereignty":"UN member state","Alpha-2 code":"ISO 3166-1 alpha-2#LY ","Alpha-3 code":"ISO 3166-1 alpha-3#LBY ","Numeric code":"ISO 3166-1 numeric#434 ","Subdivision code links":"ISO 3166-2:LY","Internet ccTLD":".ly"},{"Country name":"Liechtenstein","Official state name":"Liechtenstein The Principality of Liechtenstein","Sovereignty":"UN member state","Alpha-2 code":"ISO 3166-1 alpha-2#LI ","Alpha-3 code":"ISO 3166-1 alpha-3#LIE ","Numeric code":"ISO 3166-1 numeric#438 ","Subdivision code links":"ISO 3166-2:LI","Internet ccTLD":".li"},{"Country name":"Lithuania","Official state name":"Lithuania The Republic of Lithuania","Sovereignty":"UN member state","Alpha-2 code":"ISO 3166-1 alpha-2#LT ","Alpha-3 code":"ISO 3166-1 alpha-3#LTU ","Numeric code":"ISO 3166-1 numeric#440 ","Subdivision code links":"ISO 3166-2:LT","Internet ccTLD":".lt"},{"Country name":"Luxembourg","Official state name":"Luxembourg The Grand Duchy of Luxembourg","Sovereignty":"UN member state","Alpha-2 code":"ISO 3166-1 alpha-2#LU ","Alpha-3 code":"ISO 3166-1 alpha-3#LUX ","Numeric code":"ISO 3166-1 numeric#442 ","Subdivision code links":"ISO 3166-2:LU","Internet ccTLD":".lu"},{"Country name":"Macau Macao]","Official state name":"Macau The Macao Special Administrative Region of China","Sovereignty":"#CHI2 China","Alpha-2 code":"ISO 3166-1 alpha-2#MO ","Alpha-3 code":"ISO 3166-1 alpha-3#MAC ","Numeric code":"ISO 3166-1 numeric#446 ","Subdivision code links":"ISO 3166-2:MO","Internet ccTLD":".mo"},{"Country name":"North Macedonia]","Official state name":"North Macedonia The Republic of North Macedonia","Sovereignty":"UN member state","Alpha-2 code":"ISO 3166-1 alpha-2#MK ","Alpha-3 code":"ISO 3166-1 alpha-3#MKD ","Numeric code":"ISO 3166-1 numeric#807 ","Subdivision code links":"ISO 3166-2:MK","Internet ccTLD":".mk"},{"Country name":"Madagascar","Official state name":"Madagascar The Republic of Madagascar","Sovereignty":"UN member state","Alpha-2 code":"ISO 3166-1 alpha-2#MG ","Alpha-3 code":"ISO 3166-1 alpha-3#MDG ","Numeric code":"ISO 3166-1 numeric#450 ","Subdivision code links":"ISO 3166-2:MG","Internet ccTLD":".mg"},{"Country name":"Malawi","Official state name":"Malawi The Republic of Malawi","Sovereignty":"UN member state","Alpha-2 code":"ISO 3166-1 alpha-2#MW ","Alpha-3 code":"ISO 3166-1 alpha-3#MWI ","Numeric code":"ISO 3166-1 numeric#454 ","Subdivision code links":"ISO 3166-2:MW","Internet ccTLD":".mw"},{"Country name":"Malaysia","Official state name":"Malaysia","Sovereignty":"UN member state","Alpha-2 code":"ISO 3166-1 alpha-2#MY ","Alpha-3 code":"ISO 3166-1 alpha-3#MYS ","Numeric code":"ISO 3166-1 numeric#458 ","Subdivision code links":"ISO 3166-2:MY","Internet ccTLD":".my"},{"Country name":"Maldives","Official state name":"Maldives The Republic of Maldives","Sovereignty":"UN member state","Alpha-2 code":"ISO 3166-1 alpha-2#MV ","Alpha-3 code":"ISO 3166-1 alpha-3#MDV ","Numeric code":"ISO 3166-1 numeric#462 ","Subdivision code links":"ISO 3166-2:MV","Internet ccTLD":".mv"},{"Country name":"Mali","Official state name":"Mali The Republic of Mali","Sovereignty":"UN member state","Alpha-2 code":"ISO 3166-1 alpha-2#ML ","Alpha-3 code":"ISO 3166-1 alpha-3#MLI ","Numeric code":"ISO 3166-1 numeric#466 ","Subdivision code links":"ISO 3166-2:ML","Internet ccTLD":".ml"},{"Country name":"Malta","Official state name":"Malta The Republic of Malta","Sovereignty":"UN member state","Alpha-2 code":"ISO 3166-1 alpha-2#MT ","Alpha-3 code":"ISO 3166-1 alpha-3#MLT ","Numeric code":"ISO 3166-1 numeric#470 ","Subdivision code links":"ISO 3166-2:MT","Internet ccTLD":".mt"},{"Country name":"Marshall Islands Marshall Islands (the)","Official state name":"Marshall Islands The Republic of the Marshall Islands","Sovereignty":"UN member state","Alpha-2 code":"ISO 3166-1 alpha-2#MH ","Alpha-3 code":"ISO 3166-1 alpha-3#MHL ","Numeric code":"ISO 3166-1 numeric#584 ","Subdivision code links":"ISO 3166-2:MH","Internet ccTLD":".mh"},{"Country name":"Martinique","Official state name":"Martinique","Sovereignty":"#FRAN France","Alpha-2 code":"ISO 3166-1 alpha-2#MQ ","Alpha-3 code":"ISO 3166-1 alpha-3#MTQ ","Numeric code":"ISO 3166-1 numeric#474 ","Subdivision code links":"ISO 3166-2:MQ","Internet ccTLD":".mq"},{"Country name":"Mauritania","Official state name":"Mauritania The Islamic Republic of Mauritania","Sovereignty":"UN member state","Alpha-2 code":"ISO 3166-1 alpha-2#MR ","Alpha-3 code":"ISO 3166-1 alpha-3#MRT ","Numeric code":"ISO 3166-1 numeric#478 ","Subdivision code links":"ISO 3166-2:MR","Internet ccTLD":".mr"},{"Country name":"Mauritius","Official state name":"Mauritius The Republic of Mauritius","Sovereignty":"UN member state","Alpha-2 code":"ISO 3166-1 alpha-2#MU ","Alpha-3 code":"ISO 3166-1 alpha-3#MUS ","Numeric code":"ISO 3166-1 numeric#480 ","Subdivision code links":"ISO 3166-2:MU","Internet ccTLD":".mu"},{"Country name":"Mayotte","Official state name":"Mayotte The Department of Mayotte","Sovereignty":"#FRAN France","Alpha-2 code":"ISO 3166-1 alpha-2#YT ","Alpha-3 code":"ISO 3166-1 alpha-3#MYT ","Numeric code":"ISO 3166-1 numeric#175 ","Subdivision code links":"ISO 3166-2:YT","Internet ccTLD":".yt"},{"Country name":"Mexico","Official state name":"Mexico The United Mexican States","Sovereignty":"UN member state","Alpha-2 code":"ISO 3166-1 alpha-2#MX ","Alpha-3 code":"ISO 3166-1 alpha-3#MEX ","Numeric code":"ISO 3166-1 numeric#484 ","Subdivision code links":"ISO 3166-2:MX","Internet ccTLD":".mx"},{"Country name":"Federated States of Micronesia Micronesia (Federated States of)","Official state name":"Federated States of Micronesia The Federated States of Micronesia","Sovereignty":"UN member state","Alpha-2 code":"ISO 3166-1 alpha-2#FM ","Alpha-3 code":"ISO 3166-1 alpha-3#FSM ","Numeric code":"ISO 3166-1 numeric#583 ","Subdivision code links":"ISO 3166-2:FM","Internet ccTLD":".fm"},{"Country name":"Moldova Moldova (the Republic of)","Official state name":"Moldova The Republic of Moldova","Sovereignty":"UN member state","Alpha-2 code":"ISO 3166-1 alpha-2#MD ","Alpha-3 code":"ISO 3166-1 alpha-3#MDA ","Numeric code":"ISO 3166-1 numeric#498 ","Subdivision code links":"ISO 3166-2:MD","Internet ccTLD":".md"},{"Country name":"Monaco","Official state name":"Monaco The Principality of Monaco","Sovereignty":"UN member state","Alpha-2 code":"ISO 3166-1 alpha-2#MC ","Alpha-3 code":"ISO 3166-1 alpha-3#MCO ","Numeric code":"ISO 3166-1 numeric#492 ","Subdivision code links":"ISO 3166-2:MC","Internet ccTLD":".mc"},{"Country name":"Mongolia","Official state name":"Mongolia","Sovereignty":"UN member state","Alpha-2 code":"ISO 3166-1 alpha-2#MN ","Alpha-3 code":"ISO 3166-1 alpha-3#MNG ","Numeric code":"ISO 3166-1 numeric#496 ","Subdivision code links":"ISO 3166-2:MN","Internet ccTLD":".mn"},{"Country name":"Montenegro","Official state name":"Montenegro","Sovereignty":"UN member state","Alpha-2 code":"ISO 3166-1 alpha-2#ME ","Alpha-3 code":"ISO 3166-1 alpha-3#MNE ","Numeric code":"ISO 3166-1 numeric#499 ","Subdivision code links":"ISO 3166-2:ME","Internet ccTLD":".me"},{"Country name":"Montserrat","Official state name":"Montserrat","Sovereignty":"#UNI2 United Kingdom","Alpha-2 code":"ISO 3166-1 alpha-2#MS ","Alpha-3 code":"ISO 3166-1 alpha-3#MSR ","Numeric code":"ISO 3166-1 numeric#500 ","Subdivision code links":"ISO 3166-2:MS","Internet ccTLD":".ms"},{"Country name":"Morocco","Official state name":"Morocco The Kingdom of Morocco","Sovereignty":"UN member state","Alpha-2 code":"ISO 3166-1 alpha-2#MA ","Alpha-3 code":"ISO 3166-1 alpha-3#MAR ","Numeric code":"ISO 3166-1 numeric#504 ","Subdivision code links":"ISO 3166-2:MA","Internet ccTLD":".ma"},{"Country name":"Mozambique","Official state name":"Mozambique The Republic of Mozambique","Sovereignty":"UN member state","Alpha-2 code":"ISO 3166-1 alpha-2#MZ ","Alpha-3 code":"ISO 3166-1 alpha-3#MOZ ","Numeric code":"ISO 3166-1 numeric#508 ","Subdivision code links":"ISO 3166-2:MZ","Internet ccTLD":".mz"},{"Country name":"Myanmar]","Official state name":"Myanmar The Republic of the Union of Myanmar","Sovereignty":"UN member state","Alpha-2 code":"ISO 3166-1 alpha-2#MM ","Alpha-3 code":"ISO 3166-1 alpha-3#MMR ","Numeric code":"ISO 3166-1 numeric#104 ","Subdivision code links":"ISO 3166-2:MM","Internet ccTLD":".mm"},{"Country name":"Namibia","Official state name":"Namibia The Republic of Namibia","Sovereignty":"UN member state","Alpha-2 code":"ISO 3166-1 alpha-2#NA ","Alpha-3 code":"ISO 3166-1 alpha-3#NAM ","Numeric code":"ISO 3166-1 numeric#516 ","Subdivision code links":"ISO 3166-2:NA","Internet ccTLD":".na"},{"Country name":"Nauru","Official state name":"Nauru The Republic of Nauru","Sovereignty":"UN member state","Alpha-2 code":"ISO 3166-1 alpha-2#NR ","Alpha-3 code":"ISO 3166-1 alpha-3#NRU ","Numeric code":"ISO 3166-1 numeric#520 ","Subdivision code links":"ISO 3166-2:NR","Internet ccTLD":".nr"},{"Country name":"Nepal","Official state name":"Nepal The Federal Democratic Republic of Nepal","Sovereignty":"UN member state","Alpha-2 code":"ISO 3166-1 alpha-2#NP ","Alpha-3 code":"ISO 3166-1 alpha-3#NPL ","Numeric code":"ISO 3166-1 numeric#524 ","Subdivision code links":"ISO 3166-2:NP","Internet ccTLD":".np"},{"Country name":"Kingdom of the Netherlands Netherlands (the)","Official state name":"Kingdom of the Netherlands The Kingdom of the Netherlands","Sovereignty":"UN member state","Alpha-2 code":"ISO 3166-1 alpha-2#NL ","Alpha-3 code":"ISO 3166-1 alpha-3#NLD ","Numeric code":"ISO 3166-1 numeric#528 ","Subdivision code links":"ISO 3166-2:NL","Internet ccTLD":".nl"},{"Country name":"New Caledonia","Official state name":"New Caledonia","Sovereignty":"#FRAN France","Alpha-2 code":"ISO 3166-1 alpha-2#NC ","Alpha-3 code":"ISO 3166-1 alpha-3#NCL ","Numeric code":"ISO 3166-1 numeric#540 ","Subdivision code links":"ISO 3166-2:NC","Internet ccTLD":".nc"},{"Country name":"New Zealand","Official state name":"New Zealand","Sovereignty":"UN member state","Alpha-2 code":"ISO 3166-1 alpha-2#NZ ","Alpha-3 code":"ISO 3166-1 alpha-3#NZL ","Numeric code":"ISO 3166-1 numeric#554 ","Subdivision code links":"ISO 3166-2:NZ","Internet ccTLD":".nz"},{"Country name":"Nicaragua","Official state name":"Nicaragua The Republic of Nicaragua","Sovereignty":"UN member state","Alpha-2 code":"ISO 3166-1 alpha-2#NI ","Alpha-3 code":"ISO 3166-1 alpha-3#NIC ","Numeric code":"ISO 3166-1 numeric#558 ","Subdivision code links":"ISO 3166-2:NI","Internet ccTLD":".ni"},{"Country name":"Niger Niger (the)","Official state name":"Niger The Republic of the Niger","Sovereignty":"UN member state","Alpha-2 code":"ISO 3166-1 alpha-2#NE ","Alpha-3 code":"ISO 3166-1 alpha-3#NER ","Numeric code":"ISO 3166-1 numeric#562 ","Subdivision code links":"ISO 3166-2:NE","Internet ccTLD":".ne"},{"Country name":"Nigeria","Official state name":"Nigeria The Federal Republic of Nigeria","Sovereignty":"UN member state","Alpha-2 code":"ISO 3166-1 alpha-2#NG ","Alpha-3 code":"ISO 3166-1 alpha-3#NGA ","Numeric code":"ISO 3166-1 numeric#566 ","Subdivision code links":"ISO 3166-2:NG","Internet ccTLD":".ng"},{"Country name":"Niue","Official state name":"Niue","Sovereignty":"#NEWZ New Zealand","Alpha-2 code":"ISO 3166-1 alpha-2#NU ","Alpha-3 code":"ISO 3166-1 alpha-3#NIU ","Numeric code":"ISO 3166-1 numeric#570 ","Subdivision code links":"ISO 3166-2:NU","Internet ccTLD":".nu"},{"Country name":"Norfolk Island","Official state name":"Norfolk Island The Territory of Norfolk Island","Sovereignty":"#AUS1 Australia","Alpha-2 code":"ISO 3166-1 alpha-2#NF ","Alpha-3 code":"ISO 3166-1 alpha-3#NFK ","Numeric code":"ISO 3166-1 numeric#574 ","Subdivision code links":"ISO 3166-2:NF","Internet ccTLD":".nf"},{"Country name":"North Korea]] – See [[#KOR1 Korea, The Democratic People's Republic of]"},{"Country name":"Northern Ireland]] – See [[#UNI2 United Kingdom, The]"},{"Country name":"Northern Mariana Islands Northern Mariana Islands (the)","Official state name":"Northern Mariana Islands The Commonwealth of the Northern Mariana Islands","Sovereignty":"#UNI4 United States","Alpha-2 code":"ISO 3166-1 alpha-2#MP ","Alpha-3 code":"ISO 3166-1 alpha-3#MNP ","Numeric code":"ISO 3166-1 numeric#580 ","Subdivision code links":"ISO 3166-2:MP","Internet ccTLD":".mp"},{"Country name":"Norway","Official state name":"Norway The Kingdom of Norway","Sovereignty":"UN member state","Alpha-2 code":"ISO 3166-1 alpha-2#NO ","Alpha-3 code":"ISO 3166-1 alpha-3#NOR ","Numeric code":"ISO 3166-1 numeric#578 ","Subdivision code links":"ISO 3166-2:NO","Internet ccTLD":".no"},{"Country name":"Oman","Official state name":"Oman The Sultanate of Oman","Sovereignty":"UN member state","Alpha-2 code":"ISO 3166-1 alpha-2#OM ","Alpha-3 code":"ISO 3166-1 alpha-3#OMN ","Numeric code":"ISO 3166-1 numeric#512 ","Subdivision code links":"ISO 3166-2:OM","Internet ccTLD":".om"},{"Country name":"Pakistan","Official state name":"Pakistan The Islamic Republic of Pakistan","Sovereignty":"UN member state","Alpha-2 code":"ISO 3166-1 alpha-2#PK ","Alpha-3 code":"ISO 3166-1 alpha-3#PAK ","Numeric code":"ISO 3166-1 numeric#586 ","Subdivision code links":"ISO 3166-2:PK","Internet ccTLD":".pk"},{"Country name":"Palau","Official state name":"Palau The Republic of Palau","Sovereignty":"UN member state","Alpha-2 code":"ISO 3166-1 alpha-2#PW ","Alpha-3 code":"ISO 3166-1 alpha-3#PLW ","Numeric code":"ISO 3166-1 numeric#585 ","Subdivision code links":"ISO 3166-2:PW","Internet ccTLD":".pw"},{"Country name":"State of Palestine Palestine, State of","Official state name":"State of Palestine The State of Palestine","Sovereignty":"UN observer state","Alpha-2 code":"ISO 3166-1 alpha-2#PS ","Alpha-3 code":"ISO 3166-1 alpha-3#PSE ","Numeric code":"ISO 3166-1 numeric#275 ","Subdivision code links":"ISO 3166-2:PS","Internet ccTLD":".ps"},{"Country name":"Panama","Official state name":"Panama The Republic of Panamá","Sovereignty":"UN member state","Alpha-2 code":"ISO 3166-1 alpha-2#PA ","Alpha-3 code":"ISO 3166-1 alpha-3#PAN ","Numeric code":"ISO 3166-1 numeric#591 ","Subdivision code links":"ISO 3166-2:PA","Internet ccTLD":".pa"},{"Country name":"Papua New Guinea","Official state name":"Papua New Guinea The Independent State of Papua New Guinea","Sovereignty":"UN member state","Alpha-2 code":"ISO 3166-1 alpha-2#PG ","Alpha-3 code":"ISO 3166-1 alpha-3#PNG ","Numeric code":"ISO 3166-1 numeric#598 ","Subdivision code links":"ISO 3166-2:PG","Internet ccTLD":".pg"},{"Country name":"Paraguay","Official state name":"Paraguay The Republic of Paraguay","Sovereignty":"UN member state","Alpha-2 code":"ISO 3166-1 alpha-2#PY ","Alpha-3 code":"ISO 3166-1 alpha-3#PRY ","Numeric code":"ISO 3166-1 numeric#600 ","Subdivision code links":"ISO 3166-2:PY","Internet ccTLD":".py"},{"Country name":"[[China","Official state name":"ople's Republic of China]] – See [[#CHI2 China]"},{"Country name":"Peru","Official state name":"Peru The Republic of Perú","Sovereignty":"UN member state","Alpha-2 code":"ISO 3166-1 alpha-2#PE ","Alpha-3 code":"ISO 3166-1 alpha-3#PER ","Numeric code":"ISO 3166-1 numeric#604 ","Subdivision code links":"ISO 3166-2:PE","Internet ccTLD":".pe"},{"Country name":"Philippines Philippines (the)","Official state name":"Philippines The Republic of the Philippines","Sovereignty":"UN member state","Alpha-2 code":"ISO 3166-1 alpha-2#PH ","Alpha-3 code":"ISO 3166-1 alpha-3#PHL ","Numeric code":"ISO 3166-1 numeric#608 ","Subdivision code links":"ISO 3166-2:PH","Internet ccTLD":".ph"},{"Country name":"Pitcairn Islands Pitcairn]","Official state name":"Pitcairn Islands The Pitcairn, Henderson, Ducie and Oeno Islands","Sovereignty":"#UNI2 United Kingdom","Alpha-2 code":"ISO 3166-1 alpha-2#PN ","Alpha-3 code":"ISO 3166-1 alpha-3#PCN ","Numeric code":"ISO 3166-1 numeric#612 ","Subdivision code links":"ISO 3166-2:PN","Internet ccTLD":".pn"},{"Country name":"Poland","Official state name":"Poland The Republic of Poland","Sovereignty":"UN member state","Alpha-2 code":"ISO 3166-1 alpha-2#PL ","Alpha-3 code":"ISO 3166-1 alpha-3#POL ","Numeric code":"ISO 3166-1 numeric#616 ","Subdivision code links":"ISO 3166-2:PL","Internet ccTLD":".pl"},{"Country name":"Portugal","Official state name":"Portugal The Portuguese Republic","Sovereignty":"UN member state","Alpha-2 code":"ISO 3166-1 alpha-2#PT ","Alpha-3 code":"ISO 3166-1 alpha-3#PRT ","Numeric code":"ISO 3166-1 numeric#620 ","Subdivision code links":"ISO 3166-2:PT","Internet ccTLD":".pt"},{"Country name":"Puerto Rico","Official state name":"Puerto Rico The Commonwealth of Puerto Rico","Sovereignty":"#UNI4 United States","Alpha-2 code":"ISO 3166-1 alpha-2#PR ","Alpha-3 code":"ISO 3166-1 alpha-3#PRI ","Numeric code":"ISO 3166-1 numeric#630 ","Subdivision code links":"ISO 3166-2:PR","Internet ccTLD":".pr"},{"Country name":"Qatar","Official state name":"Qatar The State of Qatar","Sovereignty":"UN member state","Alpha-2 code":"ISO 3166-1 alpha-2#QA ","Alpha-3 code":"ISO 3166-1 alpha-3#QAT ","Numeric code":"ISO 3166-1 numeric#634 ","Subdivision code links":"ISO 3166-2:QA","Internet ccTLD":".qa"},{"Country name":"Republic of China]] – See [[#TAIW Taiwan (Province of China)]"},{"Country name":"[[South Korea","Official state name":"public of Korea]] – See [[#KOR2 Korea, The Republic of]"},{"Country name":"Republic of the Congo]] – See [[#CON2 Congo, The]"},{"Country name":"Réunion","Official state name":"Réunion","Sovereignty":"#FRAN France","Alpha-2 code":"ISO 3166-1 alpha-2#RE ","Alpha-3 code":"ISO 3166-1 alpha-3#REU ","Numeric code":"ISO 3166-1 numeric#638 ","Subdivision code links":"ISO 3166-2:RE","Internet ccTLD":".re"},{"Country name":"Romania","Official state name":"Romania","Sovereignty":"UN member state","Alpha-2 code":"ISO 3166-1 alpha-2#RO ","Alpha-3 code":"ISO 3166-1 alpha-3#ROU ","Numeric code":"ISO 3166-1 numeric#642 ","Subdivision code links":"ISO 3166-2:RO","Internet ccTLD":".ro"},{"Country name":"Russia Russian Federation (the)]","Official state name":"Russia The Russian Federation","Sovereignty":"UN member state","Alpha-2 code":"ISO 3166-1 alpha-2#RU ","Alpha-3 code":"ISO 3166-1 alpha-3#RUS ","Numeric code":"ISO 3166-1 numeric#643 ","Subdivision code links":"ISO 3166-2:RU","Internet ccTLD":".ru"},{"Country name":"Rwanda","Official state name":"Rwanda The Republic of Rwanda","Sovereignty":"UN member state","Alpha-2 code":"ISO 3166-1 alpha-2#RW ","Alpha-3 code":"ISO 3166-1 alpha-3#RWA ","Numeric code":"ISO 3166-1 numeric#646 ","Subdivision code links":"ISO 3166-2:RW","Internet ccTLD":".rw"},{"Country name":"Saba]] – See [[#BONA Bonaire, Sint Eustatius and Saba]"},{"Country name":"Sahrawi Arab Democratic Republic]] – See [[#WEST Western Sahara]"},{"Country name":"Saint Barthélemy","Official state name":"Saint Barthélemy The Collectivity of Saint-Barthélemy","Sovereignty":"#FRAN France","Alpha-2 code":"ISO 3166-1 alpha-2#BL ","Alpha-3 code":"ISO 3166-1 alpha-3#BLM ","Numeric code":"ISO 3166-1 numeric#652 ","Subdivision code links":"ISO 3166-2:BL","Internet ccTLD":".bl"},{"Country name":"Saint Helena]]<br/>[[Ascension Island]]<br/>[[Tristan da Cunha","Official state name":"Saint Helena, Ascension and Tristan da Cunha","Sovereignty":"#UNI2 United Kingdom","Alpha-2 code":"ISO 3166-1 alpha-2#SH ","Alpha-3 code":"ISO 3166-1 alpha-3#SHN ","Numeric code":"ISO 3166-1 numeric#654 ","Subdivision code links":"ISO 3166-2:SH","Internet ccTLD":".sh"},{"Country name":"Saint Kitts and Nevis","Official state name":"Saint Kitts and Nevis","Sovereignty":"UN member state","Alpha-2 code":"ISO 3166-1 alpha-2#KN ","Alpha-3 code":"ISO 3166-1 alpha-3#KNA ","Numeric code":"ISO 3166-1 numeric#659 ","Subdivision code links":"ISO 3166-2:KN","Internet ccTLD":".kn"},{"Country name":"Saint Lucia","Official state name":"Saint Lucia","Sovereignty":"UN member state","Alpha-2 code":"ISO 3166-1 alpha-2#LC ","Alpha-3 code":"ISO 3166-1 alpha-3#LCA ","Numeric code":"ISO 3166-1 numeric#662 ","Subdivision code links":"ISO 3166-2:LC","Internet ccTLD":".lc"},{"Country name":"Collectivity of Saint Martin Saint Martin (French part)","Official state name":"Collectivity of Saint Martin The Collectivity of Saint-Martin","Sovereignty":"#FRAN France","Alpha-2 code":"ISO 3166-1 alpha-2#MF ","Alpha-3 code":"ISO 3166-1 alpha-3#MAF ","Numeric code":"ISO 3166-1 numeric#663 ","Subdivision code links":"ISO 3166-2:MF","Internet ccTLD":".mf"},{"Country name":"Saint Pierre and Miquelon","Official state name":"Saint Pierre and Miquelon The Overseas Collectivity of Saint-Pierre and Miquelon","Sovereignty":"#FRAN France","Alpha-2 code":"ISO 3166-1 alpha-2#PM ","Alpha-3 code":"ISO 3166-1 alpha-3#SPM ","Numeric code":"ISO 3166-1 numeric#666 ","Subdivision code links":"ISO 3166-2:PM","Internet ccTLD":".pm"},{"Country name":"Saint Vincent and the Grenadines","Official state name":"Saint Vincent and the Grenadines","Sovereignty":"UN member state","Alpha-2 code":"ISO 3166-1 alpha-2#VC ","Alpha-3 code":"ISO 3166-1 alpha-3#VCT ","Numeric code":"ISO 3166-1 numeric#670 ","Subdivision code links":"ISO 3166-2:VC","Internet ccTLD":".vc"},{"Country name":"Samoa","Official state name":"Samoa The Independent State of Samoa","Sovereignty":"UN member state","Alpha-2 code":"ISO 3166-1 alpha-2#WS ","Alpha-3 code":"ISO 3166-1 alpha-3#WSM ","Numeric code":"ISO 3166-1 numeric#882 ","Subdivision code links":"ISO 3166-2:WS","Internet ccTLD":".ws"},{"Country name":"San Marino","Official state name":"San Marino The Republic of San Marino","Sovereignty":"UN member state","Alpha-2 code":"ISO 3166-1 alpha-2#SM ","Alpha-3 code":"ISO 3166-1 alpha-3#SMR ","Numeric code":"ISO 3166-1 numeric#674 ","Subdivision code links":"ISO 3166-2:SM","Internet ccTLD":".sm"},{"Country name":"São Tomé and Príncipe Sao Tome and Principe","Official state name":"São Tomé and Príncipe The Democratic Republic of São Tomé and Príncipe","Sovereignty":"UN member state","Alpha-2 code":"ISO 3166-1 alpha-2#ST ","Alpha-3 code":"ISO 3166-1 alpha-3#STP ","Numeric code":"ISO 3166-1 numeric#678 ","Subdivision code links":"ISO 3166-2:ST","Internet ccTLD":".st"},{"Country name":"Saudi Arabia","Official state name":"Saudi Arabia The Kingdom of Saudi Arabia","Sovereignty":"UN member state","Alpha-2 code":"ISO 3166-1 alpha-2#SA ","Alpha-3 code":"ISO 3166-1 alpha-3#SAU ","Numeric code":"ISO 3166-1 numeric#682 ","Subdivision code links":"ISO 3166-2:SA","Internet ccTLD":".sa"},{"Country name":"Scotland]] – See [[#UNI2 United Kingdom, The]"},{"Country name":"Senegal","Official state name":"Senegal The Republic of Senegal","Sovereignty":"UN member state","Alpha-2 code":"ISO 3166-1 alpha-2#SN ","Alpha-3 code":"ISO 3166-1 alpha-3#SEN ","Numeric code":"ISO 3166-1 numeric#686 ","Subdivision code links":"ISO 3166-2:SN","Internet ccTLD":".sn"},{"Country name":"Serbia","Official state name":"Serbia The Republic of Serbia","Sovereignty":"UN member state","Alpha-2 code":"ISO 3166-1 alpha-2#RS ","Alpha-3 code":"ISO 3166-1 alpha-3#SRB ","Numeric code":"ISO 3166-1 numeric#688 ","Subdivision code links":"ISO 3166-2:RS","Internet ccTLD":".rs"},{"Country name":"Seychelles","Official state name":"Seychelles The Republic of Seychelles","Sovereignty":"UN member state","Alpha-2 code":"ISO 3166-1 alpha-2#SC ","Alpha-3 code":"ISO 3166-1 alpha-3#SYC ","Numeric code":"ISO 3166-1 numeric#690 ","Subdivision code links":"ISO 3166-2:SC","Internet ccTLD":".sc"},{"Country name":"Sierra Leone","Official state name":"Sierra Leone The Republic of Sierra Leone","Sovereignty":"UN member state","Alpha-2 code":"ISO 3166-1 alpha-2#SL ","Alpha-3 code":"ISO 3166-1 alpha-3#SLE ","Numeric code":"ISO 3166-1 numeric#694 ","Subdivision code links":"ISO 3166-2:SL","Internet ccTLD":".sl"},{"Country name":"Singapore","Official state name":"Singapore The Republic of Singapore","Sovereignty":"UN member state","Alpha-2 code":"ISO 3166-1 alpha-2#SG ","Alpha-3 code":"ISO 3166-1 alpha-3#SGP ","Numeric code":"ISO 3166-1 numeric#702 ","Subdivision code links":"ISO 3166-2:SG","Internet ccTLD":".sg"},{"Country name":"Sint Eustatius]] – See [[#BONA Bonaire, Sint Eustatius and Saba]"},{"Country name":"Sint Maarten Sint Maarten (Dutch part)","Official state name":"Sint Maarten","Sovereignty":"#NETH Netherlands","Alpha-2 code":"ISO 3166-1 alpha-2#SX ","Alpha-3 code":"ISO 3166-1 alpha-3#SXM ","Numeric code":"ISO 3166-1 numeric#534 ","Subdivision code links":"ISO 3166-2:SX","Internet ccTLD":".sx"},{"Country name":"Slovakia","Official state name":"Slovakia The Slovak Republic","Sovereignty":"UN member state","Alpha-2 code":"ISO 3166-1 alpha-2#SK ","Alpha-3 code":"ISO 3166-1 alpha-3#SVK ","Numeric code":"ISO 3166-1 numeric#703 ","Subdivision code links":"ISO 3166-2:SK","Internet ccTLD":".sk"},{"Country name":"Slovenia","Official state name":"Slovenia The Republic of Slovenia","Sovereignty":"UN member state","Alpha-2 code":"ISO 3166-1 alpha-2#SI ","Alpha-3 code":"ISO 3166-1 alpha-3#SVN ","Numeric code":"ISO 3166-1 numeric#705 ","Subdivision code links":"ISO 3166-2:SI","Internet ccTLD":".si"},{"Country name":"Solomon Islands","Official state name":"Solomon Islands The Solomon Islands","Sovereignty":"UN member state","Alpha-2 code":"ISO 3166-1 alpha-2#SB ","Alpha-3 code":"ISO 3166-1 alpha-3#SLB ","Numeric code":"ISO 3166-1 numeric#090 ","Subdivision code links":"ISO 3166-2:SB","Internet ccTLD":".sb"},{"Country name":"Somalia","Official state name":"Somalia The Federal Republic of Somalia","Sovereignty":"UN member state","Alpha-2 code":"ISO 3166-1 alpha-2#SO ","Alpha-3 code":"ISO 3166-1 alpha-3#SOM ","Numeric code":"ISO 3166-1 numeric#706 ","Subdivision code links":"ISO 3166-2:SO","Internet ccTLD":".so"},{"Country name":"South Africa","Official state name":"South Africa The Republic of South Africa","Sovereignty":"UN member state","Alpha-2 code":"ISO 3166-1 alpha-2#ZA ","Alpha-3 code":"ISO 3166-1 alpha-3#ZAF ","Numeric code":"ISO 3166-1 numeric#710 ","Subdivision code links":"ISO 3166-2:ZA","Internet ccTLD":".za"},{"Country name":"South Georgia and the South Sandwich Islands","Official state name":"South Georgia and the South Sandwich Islands","Sovereignty":"#UNI2 United Kingdom","Alpha-2 code":"ISO 3166-1 alpha-2#GS ","Alpha-3 code":"ISO 3166-1 alpha-3#SGS ","Numeric code":"ISO 3166-1 numeric#239 ","Subdivision code links":"ISO 3166-2:GS","Internet ccTLD":".gs"},{"Country name":"South Korea]] – See [[#KOR2 Korea, The Republic of]"},{"Country name":"South Sudan","Official state name":"South Sudan The Republic of South Sudan","Sovereignty":"UN member state","Alpha-2 code":"ISO 3166-1 alpha-2#SS ","Alpha-3 code":"ISO 3166-1 alpha-3#SSD ","Numeric code":"ISO 3166-1 numeric#728 ","Subdivision code links":"ISO 3166-2:SS","Internet ccTLD":".ss"},{"Country name":"Spain","Official state name":"Spain The Kingdom of Spain","Sovereignty":"UN member state","Alpha-2 code":"ISO 3166-1 alpha-2#ES ","Alpha-3 code":"ISO 3166-1 alpha-3#ESP ","Numeric code":"ISO 3166-1 numeric#724 ","Subdivision code links":"ISO 3166-2:ES","Internet ccTLD":".es"},{"Country name":"Sri Lanka","Official state name":"Sri Lanka The Democratic Socialist Republic of Sri Lanka","Sovereignty":"UN member state","Alpha-2 code":"ISO 3166-1 alpha-2#LK ","Alpha-3 code":"ISO 3166-1 alpha-3#LKA ","Numeric code":"ISO 3166-1 numeric#144 ","Subdivision code links":"ISO 3166-2:LK","Internet ccTLD":".lk"},{"Country name":"Sudan Sudan (the)","Official state name":"Sudan The Republic of the Sudan","Sovereignty":"UN member state","Alpha-2 code":"ISO 3166-1 alpha-2#SD ","Alpha-3 code":"ISO 3166-1 alpha-3#SDN ","Numeric code":"ISO 3166-1 numeric#729 ","Subdivision code links":"ISO 3166-2:SD","Internet ccTLD":".sd"},{"Country name":"Suriname","Official state name":"Suriname The Republic of Suriname","Sovereignty":"UN member state","Alpha-2 code":"ISO 3166-1 alpha-2#SR ","Alpha-3 code":"ISO 3166-1 alpha-3#SUR ","Numeric code":"ISO 3166-1 numeric#740 ","Subdivision code links":"ISO 3166-2:SR","Internet ccTLD":".sr"},{"Country name":"Svalbard]]<br/>[[Jan Mayen","Official state name":"Svalbard and Jan Mayen","Sovereignty":"#NOR6 Norway","Alpha-2 code":"ISO 3166-1 alpha-2#SJ ","Alpha-3 code":"ISO 3166-1 alpha-3#SJM ","Numeric code":"ISO 3166-1 numeric#744 ","Subdivision code links":"ISO 3166-2:SJ"},{"Country name":"Sweden","Official state name":"Sweden The Kingdom of Sweden","Sovereignty":"UN member state","Alpha-2 code":"ISO 3166-1 alpha-2#SE ","Alpha-3 code":"ISO 3166-1 alpha-3#SWE ","Numeric code":"ISO 3166-1 numeric#752 ","Subdivision code links":"ISO 3166-2:SE","Internet ccTLD":".se"},{"Country name":"Switzerland","Official state name":"Switzerland The Swiss Confederation","Sovereignty":"UN member state","Alpha-2 code":"ISO 3166-1 alpha-2#CH ","Alpha-3 code":"ISO 3166-1 alpha-3#CHE ","Numeric code":"ISO 3166-1 numeric#756 ","Subdivision code links":"ISO 3166-2:CH","Internet ccTLD":".ch"},{"Country name":"Syria Syrian Arab Republic (the)]","Official state name":"Syria The Syrian Arab Republic","Sovereignty":"UN member state","Alpha-2 code":"ISO 3166-1 alpha-2#SY ","Alpha-3 code":"ISO 3166-1 alpha-3#SYR ","Numeric code":"ISO 3166-1 numeric#760 ","Subdivision code links":"ISO 3166-2:SY","Internet ccTLD":".sy"},{"Country name":"[Taiwan Taiwan (Province of China)]","Official state name":"Taiwan The Republic of China","Sovereignty":"Political status of Taiwan Disputed]","Alpha-2 code":"ISO 3166-1 alpha-2#TW ","Alpha-3 code":"ISO 3166-1 alpha-3#TWN ","Numeric code":"ISO 3166-1 numeric#158 ","Subdivision code links":"ISO 3166-2:TW","Internet ccTLD":".tw"},{"Country name":"Tajikistan","Official state name":"Tajikistan The Republic of Tajikistan","Sovereignty":"UN member state","Alpha-2 code":"ISO 3166-1 alpha-2#TJ ","Alpha-3 code":"ISO 3166-1 alpha-3#TJK ","Numeric code":"ISO 3166-1 numeric#762 ","Subdivision code links":"ISO 3166-2:TJ","Internet ccTLD":".tj"},{"Country name":"Tanzania Tanzania, the United Republic of","Official state name":"Tanzania The United Republic of Tanzania","Sovereignty":"UN member state","Alpha-2 code":"ISO 3166-1 alpha-2#TZ ","Alpha-3 code":"ISO 3166-1 alpha-3#TZA ","Numeric code":"ISO 3166-1 numeric#834 ","Subdivision code links":"ISO 3166-2:TZ","Internet ccTLD":".tz"},{"Country name":"Thailand","Official state name":"Thailand The Kingdom of Thailand","Sovereignty":"UN member state","Alpha-2 code":"ISO 3166-1 alpha-2#TH ","Alpha-3 code":"ISO 3166-1 alpha-3#THA ","Numeric code":"ISO 3166-1 numeric#764 ","Subdivision code links":"ISO 3166-2:TH","Internet ccTLD":".th"},{"Country name":"East Timor Timor-Leste]","Official state name":"East Timor The Democratic Republic of Timor-Leste","Sovereignty":"UN member state","Alpha-2 code":"ISO 3166-1 alpha-2#TL ","Alpha-3 code":"ISO 3166-1 alpha-3#TLS ","Numeric code":"ISO 3166-1 numeric#626 ","Subdivision code links":"ISO 3166-2:TL","Internet ccTLD":".tl"},{"Country name":"Togo","Official state name":"Togo The Togolese Republic","Sovereignty":"UN member state","Alpha-2 code":"ISO 3166-1 alpha-2#TG ","Alpha-3 code":"ISO 3166-1 alpha-3#TGO ","Numeric code":"ISO 3166-1 numeric#768 ","Subdivision code links":"ISO 3166-2:TG","Internet ccTLD":".tg"},{"Country name":"Tokelau","Official state name":"Tokelau","Sovereignty":"#NEWZ New Zealand","Alpha-2 code":"ISO 3166-1 alpha-2#TK ","Alpha-3 code":"ISO 3166-1 alpha-3#TKL ","Numeric code":"ISO 3166-1 numeric#772 ","Subdivision code links":"ISO 3166-2:TK","Internet ccTLD":".tk"},{"Country name":"Tonga","Official state name":"Tonga The Kingdom of Tonga","Sovereignty":"UN member state","Alpha-2 code":"ISO 3166-1 alpha-2#TO ","Alpha-3 code":"ISO 3166-1 alpha-3#TON ","Numeric code":"ISO 3166-1 numeric#776 ","Subdivision code links":"ISO 3166-2:TO","Internet ccTLD":".to"},{"Country name":"Trinidad and Tobago","Official state name":"Trinidad and Tobago The Republic of Trinidad and Tobago","Sovereignty":"UN member state","Alpha-2 code":"ISO 3166-1 alpha-2#TT ","Alpha-3 code":"ISO 3166-1 alpha-3#TTO ","Numeric code":"ISO 3166-1 numeric#780 ","Subdivision code links":"ISO 3166-2:TT","Internet ccTLD":".tt"},{"Country name":"Tunisia","Official state name":"Tunisia The Republic of Tunisia","Sovereignty":"UN member state","Alpha-2 code":"ISO 3166-1 alpha-2#TN ","Alpha-3 code":"ISO 3166-1 alpha-3#TUN ","Numeric code":"ISO 3166-1 numeric#788 ","Subdivision code links":"ISO 3166-2:TN","Internet ccTLD":".tn"},{"Country name":"Turkey","Official state name":"Turkey The Republic of Turkey","Sovereignty":"UN member state","Alpha-2 code":"ISO 3166-1 alpha-2#TR ","Alpha-3 code":"ISO 3166-1 alpha-3#TUR ","Numeric code":"ISO 3166-1 numeric#792 ","Subdivision code links":"ISO 3166-2:TR","Internet ccTLD":".tr"},{"Country name":"Turkmenistan","Official state name":"Turkmenistan","Sovereignty":"UN member state","Alpha-2 code":"ISO 3166-1 alpha-2#TM ","Alpha-3 code":"ISO 3166-1 alpha-3#TKM ","Numeric code":"ISO 3166-1 numeric#795 ","Subdivision code links":"ISO 3166-2:TM","Internet ccTLD":".tm"},{"Country name":"Turks and Caicos Islands Turks and Caicos Islands (the)","Official state name":"Turks and Caicos Islands The Turks and Caicos Islands","Sovereignty":"#UNI2 United Kingdom","Alpha-2 code":"ISO 3166-1 alpha-2#TC ","Alpha-3 code":"ISO 3166-1 alpha-3#TCA ","Numeric code":"ISO 3166-1 numeric#796 ","Subdivision code links":"ISO 3166-2:TC","Internet ccTLD":".tc"},{"Country name":"Tuvalu","Official state name":"Tuvalu","Sovereignty":"UN member state","Alpha-2 code":"ISO 3166-1 alpha-2#TV ","Alpha-3 code":"ISO 3166-1 alpha-3#TUV ","Numeric code":"ISO 3166-1 numeric#798 ","Subdivision code links":"ISO 3166-2:TV","Internet ccTLD":".tv"},{"Country name":"Uganda","Official state name":"Uganda The Republic of Uganda","Sovereignty":"UN member state","Alpha-2 code":"ISO 3166-1 alpha-2#UG ","Alpha-3 code":"ISO 3166-1 alpha-3#UGA ","Numeric code":"ISO 3166-1 numeric#800 ","Subdivision code links":"ISO 3166-2:UG","Internet ccTLD":".ug"},{"Country name":"Ukraine","Official state name":"Ukraine","Sovereignty":"UN member state","Alpha-2 code":"ISO 3166-1 alpha-2#UA ","Alpha-3 code":"ISO 3166-1 alpha-3#UKR ","Numeric code":"ISO 3166-1 numeric#804 ","Subdivision code links":"ISO 3166-2:UA","Internet ccTLD":".ua"},{"Country name":"United Arab Emirates United Arab Emirates (the)","Official state name":"United Arab Emirates The United Arab Emirates","Sovereignty":"UN member state","Alpha-2 code":"ISO 3166-1 alpha-2#AE ","Alpha-3 code":"ISO 3166-1 alpha-3#ARE ","Numeric code":"ISO 3166-1 numeric#784 ","Subdivision code links":"ISO 3166-2:AE","Internet ccTLD":".ae"},{"Country name":"United Kingdom United Kingdom of Great Britain and Northern Ireland (the)","Official state name":"United Kingdom The United Kingdom of Great Britain and Northern Ireland","Sovereignty":"UN member state","Alpha-2 code":"ISO 3166-1 alpha-2#GB ","Alpha-3 code":"ISO 3166-1 alpha-3#GBR ","Numeric code":"ISO 3166-1 numeric#826 ","Subdivision code links":"ISO 3166-2:GB","Internet ccTLD":".gb]] [[.uk]"},{"Country name":"United States Minor Outlying Islands United States Minor Outlying Islands (the)]","Official state name":"BakerIsland]], [[HowlandIsland]], [[JarvisIsland]], [[JohnstonAtoll]], [[KingmanReef]], [[MidwayAtoll]], [[NavassaIsland]], [[PalmyraAtoll]], and [[WakeIsland","Sovereignty":"#UNI4 United States","Alpha-2 code":"ISO 3166-1 alpha-2#UM ","Alpha-3 code":"ISO 3166-1 alpha-3#UMI ","Numeric code":"ISO 3166-1 numeric#581 ","Subdivision code links":"ISO 3166-2:UM"},{"Country name":"United States United States of America (the)","Official state name":"United States The United States of America","Sovereignty":"UN member state","Alpha-2 code":"ISO 3166-1 alpha-2#US ","Alpha-3 code":"ISO 3166-1 alpha-3#USA ","Numeric code":"ISO 3166-1 numeric#840 ","Subdivision code links":"ISO 3166-2:US","Internet ccTLD":".us"},{"Country name":"United States Virgin Islands]] – See [[#VIR2 Virgin Islands (U.S.)]"},{"Country name":"Uruguay","Official state name":"Uruguay The Oriental Republic of Uruguay","Sovereignty":"UN member state","Alpha-2 code":"ISO 3166-1 alpha-2#UY ","Alpha-3 code":"ISO 3166-1 alpha-3#URY ","Numeric code":"ISO 3166-1 numeric#858 ","Subdivision code links":"ISO 3166-2:UY","Internet ccTLD":".uy"},{"Country name":"Uzbekistan","Official state name":"Uzbekistan The Republic of Uzbekistan","Sovereignty":"UN member state","Alpha-2 code":"ISO 3166-1 alpha-2#UZ ","Alpha-3 code":"ISO 3166-1 alpha-3#UZB ","Numeric code":"ISO 3166-1 numeric#860 ","Subdivision code links":"ISO 3166-2:UZ","Internet ccTLD":".uz"},{"Country name":"Vanuatu","Official state name":"Vanuatu The Republic of Vanuatu","Sovereignty":"UN member state","Alpha-2 code":"ISO 3166-1 alpha-2#VU ","Alpha-3 code":"ISO 3166-1 alpha-3#VUT ","Numeric code":"ISO 3166-1 numeric#548 ","Subdivision code links":"ISO 3166-2:VU","Internet ccTLD":".vu"},{"Country name":"Vatican City]] – See [[#HOLY Holy See, The]"},{"Country name":"Venezuela Venezuela (Bolivarian Republic of)","Official state name":"Venezuela The Bolivarian Republic of Venezuela","Sovereignty":"UN member state","Alpha-2 code":"ISO 3166-1 alpha-2#VE ","Alpha-3 code":"ISO 3166-1 alpha-3#VEN ","Numeric code":"ISO 3166-1 numeric#862 ","Subdivision code links":"ISO 3166-2:VE","Internet ccTLD":".ve"},{"Country name":"Vietnam Viet Nam]","Official state name":"Vietnam The Socialist Republic of Viet Nam","Sovereignty":"UN member state","Alpha-2 code":"ISO 3166-1 alpha-2#VN ","Alpha-3 code":"ISO 3166-1 alpha-3#VNM ","Numeric code":"ISO 3166-1 numeric#704 ","Subdivision code links":"ISO 3166-2:VN","Internet ccTLD":".vn"},{"Country name":"British Virgin Islands Virgin Islands (British)]","Official state name":"British Virgin Islands The Virgin Islands","Sovereignty":"#UNI2 United Kingdom","Alpha-2 code":"ISO 3166-1 alpha-2#VG ","Alpha-3 code":"ISO 3166-1 alpha-3#VGB ","Numeric code":"ISO 3166-1 numeric#092 ","Subdivision code links":"ISO 3166-2:VG","Internet ccTLD":".vg"},{"Country name":"United States Virgin Islands Virgin Islands (U.S.)]","Official state name":"United States Virgin Islands The Virgin Islands of the United States","Sovereignty":"#UNI4 United States","Alpha-2 code":"ISO 3166-1 alpha-2#VI ","Alpha-3 code":"ISO 3166-1 alpha-3#VIR ","Numeric code":"ISO 3166-1 numeric#850 ","Subdivision code links":"ISO 3166-2:VI","Internet ccTLD":".vi"},{"Country name":"Wales]] – See [[#UNI2 United Kingdom, The]"},{"Country name":"Wallis and Futuna","Official state name":"Wallis and Futuna The Territory of the Wallis and Futuna Islands","Sovereignty":"#FRAN France","Alpha-2 code":"ISO 3166-1 alpha-2#WF ","Alpha-3 code":"ISO 3166-1 alpha-3#WLF ","Numeric code":"ISO 3166-1 numeric#876 ","Subdivision code links":"ISO 3166-2:WF","Internet ccTLD":".wf"},{"Country name":"Western Sahara]","Official state name":"Sahrawi Arab Democratic Republic The Sahrawi Arab Democratic Republic","Sovereignty":"Political status of Western Sahara Disputed]","Alpha-2 code":"ISO 3166-1 alpha-2#EH ","Alpha-3 code":"ISO 3166-1 alpha-3#ESH ","Numeric code":"ISO 3166-1 numeric#732 ","Subdivision code links":"ISO 3166-2:EH"},{"Country name":"Yemen","Official state name":"Yemen The Republic of Yemen","Sovereignty":"UN member state","Alpha-2 code":"ISO 3166-1 alpha-2#YE ","Alpha-3 code":"ISO 3166-1 alpha-3#YEM ","Numeric code":"ISO 3166-1 numeric#887 ","Subdivision code links":"ISO 3166-2:YE","Internet ccTLD":".ye"},{"Country name":"Zambia","Official state name":"Zambia The Republic of Zambia","Sovereignty":"UN member state","Alpha-2 code":"ISO 3166-1 alpha-2#ZM ","Alpha-3 code":"ISO 3166-1 alpha-3#ZMB ","Numeric code":"ISO 3166-1 numeric#894 ","Subdivision code links":"ISO 3166-2:ZM","Internet ccTLD":".zm"},{"Country name":"Zimbabwe","Official state name":"Zimbabwe The Republic of Zimbabwe","Sovereignty":"UN member state","Alpha-2 code":"ISO 3166-1 alpha-2#ZW ","Alpha-3 code":"ISO 3166-1 alpha-3#ZWE ","Numeric code":"ISO 3166-1 numeric#716 ","Subdivision code links":"ISO 3166-2:ZW","Internet ccTLD":".zw"}]}],"srcInfo":{"type":"wikiTitle","value":"List_of_ISO_3166_country_codes"}}